SampleID,Age
001A02.JPG,2
001A05.JPG,5
001A08.JPG,8
001A10.JPG,10
001A14.JPG,14
001A16.JPG,16
001A18.JPG,18
001A19.JPG,19
001A22.JPG,22
001A28.JPG,28
001A29.JPG,29
001A33.JPG,33
001A40.JPG,40
001A43a.JPG,43
001A43b.JPG,43
002A03.JPG,3
002A04.JPG,4
002A05.JPG,5
002A07.JPG,7
002A12.JPG,12
002A15.JPG,15
002A16.JPG,16
002A18.JPG,18
002A20.JPG,20
002A21.JPG,21
002A23.JPG,23
002A26.JPG,26
002A29.JPG,29
002A31.JPG,31
002A36.JPG,36
002A38.JPG,38
003A18.JPG,18
003A20.JPG,20
003A23.JPG,23
003A25.JPG,25
003A35.JPG,35
003A38.JPG,38
003A47.JPG,47
003A49.JPG,49
003A51.JPG,51
003A58.JPG,58
003A60.JPG,60
003A61.JPG,61
004A19.JPG,19
004A21.JPG,21
004A26.JPG,26
004A28.JPG,28
004A30.JPG,30
004A37.JPG,37
004A40.JPG,40
004A48.JPG,48
004A51.JPG,51
004A53.JPG,53
004A62.JPG,62
004A63.JPG,63
005A18.JPG,18
005A24.JPG,24
005A30.JPG,30
005A31.JPG,31
005A35.JPG,35
005A40.JPG,40
005A45.JPG,45
005A48.JPG,48
005A49.JPG,49
005A52.JPG,52
005A61.JPG,61
006A24.JPG,24
006A28.JPG,28
006A31.JPG,31
006A36.JPG,36
006A40.JPG,40
006A42.JPG,42
006A46.JPG,46
006A51.JPG,51
006A55.JPG,55
006A61.JPG,61
006A67.JPG,67
006A69.JPG,69
007A01.JPG,1
007A18.JPG,18
007A22.JPG,22
007A23.JPG,23
007A26.JPG,26
007A37.JPG,37
007A38.JPG,38
007A39.JPG,39
007A45.JPG,45
008A03.JPG,3
008A06.JPG,6
008A08.JPG,8
008A12.JPG,12
008A13.JPG,13
008A16.JPG,16
008A17.JPG,17
008A18.JPG,18
008A21.JPG,21
008A29.JPG,29
008A30.JPG,30
008A31.JPG,31
008A33.JPG,33
008A35.JPG,35
008A41.JPG,41
009A00.JPG,0
009A01.JPG,1
009A03.JPG,3
009A05.JPG,5
009A09.JPG,9
009A11.JPG,11
009A13.JPG,13
009A14.JPG,14
009A16a.JPG,16
009A16b.JPG,16
009A18.JPG,18
009A22a.JPG,22
009A22b.JPG,22
010A01.JPG,1
010A04.JPG,4
010A05.JPG,5
010A06.JPG,6
010A07a.JPG,7
010A07b.JPG,7
010A09.JPG,9
010A10.JPG,10
010A12.JPG,12
010A15.JPG,15
010A16.JPG,16
010A18.JPG,18
011A02.JPG,2
011A05.JPG,5
011A07.JPG,7
011A11.JPG,11
011A13.JPG,13
011A14.JPG,14
011A15.JPG,15
011A17.JPG,17
011A20.JPG,20
011A27.JPG,27
011A30.JPG,30
011A34.JPG,34
011A40.JPG,40
011A42.JPG,42
012A04.JPG,4
012A07.JPG,7
012A12.JPG,12
012A14.JPG,14
012A18.JPG,18
012A21.JPG,21
012A23.JPG,23
012A24.JPG,24
012A25.JPG,25
012A26.JPG,26
012A27.JPG,27
012A30.JPG,30
012A32.JPG,32
012A34.JPG,34
012A36.JPG,36
013A00.JPG,0
013A08.JPG,8
013A16.JPG,16
013A18.JPG,18
013A19.JPG,19
013A21.JPG,21
013A23.JPG,23
013A25.JPG,25
013A30.JPG,30
013A34.JPG,34
013A41.JPG,41
013A44.JPG,44
014A03.JPG,3
014A12.JPG,12
014A14.JPG,14
014A16.JPG,16
014A18.JPG,18
014A22.JPG,22
014A30.JPG,30
014A36.JPG,36
014A40.JPG,40
014A42.JPG,42
015A00.JPG,0
015A01.JPG,1
015A03.JPG,3
015A04.JPG,4
015A05.JPG,5
015A07.JPG,7
015A09.JPG,9
015A10.JPG,10
015A12.JPG,12
015A14.JPG,14
015A15.JPG,15
015A17.JPG,17
015A19.JPG,19
016A01.JPG,1
016A03.JPG,3
016A04.JPG,4
016A05.JPG,5
016A07.JPG,7
016A08.JPG,8
016A10.JPG,10
016A12.JPG,12
016A14.JPG,14
016A16.JPG,16
016A17.JPG,17
016A18.JPG,18
016A19.JPG,19
017A05.JPG,5
017A07.JPG,7
017A12.JPG,12
017A15.JPG,15
017A17.JPG,17
017A19.JPG,19
017A22.JPG,22
017A26.JPG,26
017A29.JPG,29
017A32.JPG,32
017A36.JPG,36
017A38.JPG,38
017A42.JPG,42
018A06.JPG,6
018A11.JPG,11
018A16.JPG,16
018A18.JPG,18
018A22.JPG,22
018A25.JPG,25
018A28.JPG,28
018A29.JPG,29
018A33.JPG,33
018A34.JPG,34
018A36.JPG,36
019A00.JPG,0
019A03.JPG,3
019A05.JPG,5
019A07.JPG,7
019A12.JPG,12
019A15.JPG,15
019A18.JPG,18
019A23.JPG,23
019A27.JPG,27
019A30.JPG,30
020A02.JPG,2
020A04.JPG,4
020A08.JPG,8
020A11.JPG,11
020A13.JPG,13
020A16.JPG,16
020A18.JPG,18
020A20.JPG,20
020A22.JPG,22
020A24.JPG,24
020A26.JPG,26
020A30.JPG,30
020A36.JPG,36
021A03.JPG,3
021A05.JPG,5
021A06.JPG,6
021A11.JPG,11
021A16.JPG,16
021A18.JPG,18
021A20.JPG,20
021A23.JPG,23
021A27.JPG,27
021A30.JPG,30
021A35.JPG,35
021A39.JPG,39
022A00.JPG,0
022A07.JPG,7
022A11.JPG,11
022A14.JPG,14
022A16.JPG,16
022A18.JPG,18
022A20.JPG,20
022A23.JPG,23
022A25.JPG,25
022A26.JPG,26
022A27.JPG,27
022A28.JPG,28
022A30.JPG,30
023A00.JPG,0
023A03.JPG,3
023A05.JPG,5
023A07.JPG,7
023A09.JPG,9
023A14.JPG,14
023A16.JPG,16
023A18.JPG,18
023A21.JPG,21
023A22.JPG,22
023A25.JPG,25
023A29.JPG,29
024A00.JPG,0
024A05.JPG,5
024A07.JPG,7
024A10.JPG,10
024A17.JPG,17
024A18.JPG,18
024A19.JPG,19
024A23.JPG,23
024A25.JPG,25
024A28.JPG,28
024A30.JPG,30
025A00.JPG,0
025A03.JPG,3
025A07.JPG,7
025A12.JPG,12
025A15.JPG,15
025A18.JPG,18
025A19.JPG,19
025A22.JPG,22
025A23.JPG,23
025A28.JPG,28
025A34.JPG,34
025A39.JPG,39
026A00.JPG,0
026A02.JPG,2
026A04.JPG,4
026A06.JPG,6
026A07.JPG,7
026A11.JPG,11
026A13.JPG,13
026A15.JPG,15
026A17.JPG,17
026A18.JPG,18
026A19.JPG,19
027A02.JPG,2
027A11.JPG,11
027A13.JPG,13
027A16.JPG,16
027A18.JPG,18
027A20.JPG,20
027A22.JPG,22
027A25.JPG,25
027A30.JPG,30
027A36.JPG,36
027A41.JPG,41
028A14.JPG,14
028A16.JPG,16
028A18.JPG,18
028A20.JPG,20
028A26.JPG,26
028A28.JPG,28
028A34.JPG,34
028A35.JPG,35
028A37.JPG,37
028A41.JPG,41
028A46.JPG,46
029A01.JPG,1
029A04.JPG,4
029A05.JPG,5
029A10.JPG,10
029A11.JPG,11
029A13.JPG,13
029A16.JPG,16
029A20.JPG,20
029A22.JPG,22
029A23.JPG,23
029A29.JPG,29
029A31.JPG,31
029A33.JPG,33
030A00.JPG,0
030A04.JPG,4
030A05.JPG,5
030A07.JPG,7
030A10.JPG,10
030A16.JPG,16
030A17.JPG,17
030A18.JPG,18
030A20.JPG,20
030A23.JPG,23
030A26.JPG,26
031A00.JPG,0
031A02.JPG,2
031A03.JPG,3
031A04.JPG,4
031A06.JPG,6
031A07.JPG,7
031A09.JPG,9
031A11.JPG,11
031A12.JPG,12
031A14.JPG,14
031A15.JPG,15
031A16.JPG,16
031A19.JPG,19
032A06.JPG,6
032A08.JPG,8
032A10.JPG,10
032A13.JPG,13
032A15.JPG,15
032A18.JPG,18
032A20.JPG,20
032A24.JPG,24
032A28.JPG,28
032A33.JPG,33
032A35.JPG,35
032A40.JPG,40
033A02.JPG,2
033A05.JPG,5
033A10.JPG,10
033A14.JPG,14
033A18.JPG,18
033A21.JPG,21
033A25.JPG,25
033A30.JPG,30
033A35.JPG,35
033A39.JPG,39
033A44.JPG,44
034A02.JPG,2
034A04.JPG,4
034A11.JPG,11
034A13.JPG,13
034A15.JPG,15
034A16.JPG,16
034A18.JPG,18
034A21.JPG,21
034A25.JPG,25
034A30.JPG,30
034A35.JPG,35
034A39.JPG,39
034A44.JPG,44
035A00.JPG,0
035A01.JPG,1
035A03.JPG,3
035A05.JPG,5
035A07.JPG,7
035A08.JPG,8
035A09.JPG,9
035A12.JPG,12
035A14.JPG,14
035A16.JPG,16
035A18.JPG,18
035A21.JPG,21
035A23a.JPG,23
035A23b.JPG,23
036A00.JPG,0
036A01.JPG,1
036A03.JPG,3
036A05.JPG,5
036A06.JPG,6
036A08.JPG,8
036A11.JPG,11
036A13.JPG,13
036A15.JPG,15
036A17.JPG,17
036A18.JPG,18
036A19.JPG,19
036A20.JPG,20
037A00.JPG,0
037A01.JPG,1
037A02.JPG,2
037A04.JPG,4
037A06.JPG,6
037A08.JPG,8
037A09.JPG,9
037A11.JPG,11
037A13.JPG,13
037A17.JPG,17
037A18.JPG,18
037A19.JPG,19
038A00.JPG,0
038A01.JPG,1
038A03.JPG,3
038A04.JPG,4
038A05.JPG,5
038A08.JPG,8
038A10.JPG,10
038A11.JPG,11
038A13.JPG,13
038A14.JPG,14
038A17.JPG,17
038A21.JPG,21
038A23.JPG,23
038A34.JPG,34
039A02.JPG,2
039A05.JPG,5
039A07.JPG,7
039A10.JPG,10
039A11.JPG,11
039A13.JPG,13
039A15.JPG,15
039A16.JPG,16
039A17.JPG,17
039A19.JPG,19
039A35.JPG,35
039A45.JPG,45
039A50.JPG,50
039A52.JPG,52
040A00.JPG,0
040A02.JPG,2
040A03a.JPG,3
040A03b.JPG,3
040A05.JPG,5
040A06.JPG,6
040A07.JPG,7
040A09.JPG,9
040A10.JPG,10
040A12.JPG,12
040A14.JPG,14
040A16.JPG,16
040A19.JPG,19
040A21.JPG,21
041A00.JPG,0
041A013.JPG,1
041A02.JPG,2
041A04.JPG,4
041A06.JPG,6
041A09.JPG,9
041A19.JPG,19
041A20.JPG,20
041A21.JPG,21
041A24.JPG,24
042A00.JPG,0
042A01.JPG,1
042A04.JPG,4
042A05.JPG,5
042A06.JPG,6
042A08.JPG,8
042A10.JPG,10
042A12.JPG,12
042A14.JPG,14
042A18.JPG,18
042A20.JPG,20
042A24.JPG,24
042A28.JPG,28
043A00.JPG,0
043A03.JPG,3
043A04.JPG,4
043A05.JPG,5
043A10.JPG,10
043A13.JPG,13
043A15.JPG,15
043A17.JPG,17
043A19.JPG,19
043A23.JPG,23
043A27.JPG,27
044A01.JPG,1
044A03.JPG,3
044A05.JPG,5
044A07.JPG,7
044A13.JPG,13
044A15.JPG,15
044A17.JPG,17
044A18.JPG,18
044A21.JPG,21
044A25.JPG,25
045A03.JPG,3
045A06.JPG,6
045A08.JPG,8
045A12.JPG,12
045A17.JPG,17
045A18.JPG,18
045A19.JPG,19
045A25.JPG,25
045A28.JPG,28
045A32.JPG,32
045A40.JPG,40
045A43.JPG,43
045A48.JPG,48
046A00.JPG,0
046A01.JPG,1
046A02.JPG,2
046A04.JPG,4
046A06.JPG,6
046A08.JPG,8
046A10.JPG,10
046A12.JPG,12
046A14.JPG,14
046A16.JPG,16
046A17.JPG,17
046A18.JPG,18
046A20.JPG,20
047A05.JPG,5
047A06.JPG,6
047A09.JPG,9
047A11.JPG,11
047A12.JPG,12
047A13.JPG,13
047A15.JPG,15
047A18.JPG,18
047A20.JPG,20
047A23.JPG,23
047A27.JPG,27
047A33.JPG,33
047A45.JPG,45
047A55.JPG,55
048A00.JPG,0
048A09.JPG,9
048A10.JPG,10
048A11.JPG,11
048A15.JPG,15
048A16.JPG,16
048A17.JPG,17
048A18.JPG,18
048A27.JPG,27
048A30.JPG,30
048A33.JPG,33
048A46.JPG,46
048A49.JPG,49
048A50.JPG,50
048A52.JPG,52
048A54.JPG,54
049A04.JPG,4
049A05.JPG,5
049A06.JPG,6
049A07.JPG,7
049A08.JPG,8
049A10.JPG,10
049A12.JPG,12
049A15.JPG,15
049A16.JPG,16
049A17.JPG,17
050A00.JPG,0
050A03.JPG,3
050A06.JPG,6
050A10.JPG,10
050A14.JPG,14
050A16.JPG,16
050A18.JPG,18
050A22.JPG,22
051A00.JPG,0
051A02.JPG,2
051A05.JPG,5
051A08.JPG,8
051A12.JPG,12
051A14.JPG,14
051A15.JPG,15
051A16.JPG,16
051A17.JPG,17
051A18.JPG,18
051A24.JPG,24
052A02.JPG,2
052A04.JPG,4
052A07.JPG,7
052A10.JPG,10
052A13.JPG,13
052A14.JPG,14
052A16.JPG,16
052A17.JPG,17
052A18.JPG,18
052A19.JPG,19
052A20.JPG,20
053A00.JPG,0
053A01.JPG,1
053A02.JPG,2
053A03.JPG,3
053A04.JPG,4
053A06.JPG,6
053A08.JPG,8
053A10.JPG,10
053A11.JPG,11
053A12.JPG,12
053A13.JPG,13
053A15.JPG,15
053A18.JPG,18
054A00.JPG,0
054A02.JPG,2
054A04.JPG,4
054A06.JPG,6
054A09.JPG,9
054A10.JPG,10
054A11.JPG,11
054A12.JPG,12
054A13.JPG,13
054A16.JPG,16
054A17.JPG,17
054A18.JPG,18
054A19.JPG,19
055A04.JPG,4
055A05.JPG,5
055A06.JPG,6
055A08.JPG,8
055A12.JPG,12
055A14.JPG,14
055A22.JPG,22
055A23.JPG,23
056A01.JPG,1
056A02.JPG,2
056A03.JPG,3
056A04.JPG,4
056A06.JPG,6
056A10.JPG,10
056A12.JPG,12
056A15.JPG,15
057A00.JPG,0
057A05.JPG,5
057A06.JPG,6
057A07.JPG,7
057A12.JPG,12
057A16.JPG,16
057A17.JPG,17
057A18.JPG,18
057A23.JPG,23
057A25.JPG,25
058A00.JPG,0
058A01.JPG,1
058A02.JPG,2
058A03.JPG,3
058A04.JPG,4
058A05.JPG,5
058A06.JPG,6
058A10.JPG,10
058A13.JPG,13
058A15.JPG,15
058A17.JPG,17
059A02a.JPG,2
059A02b.JPG,2
059A03.JPG,3
059A04.JPG,4
059A06.JPG,6
059A07.JPG,7
059A12.JPG,12
059A14.JPG,14
059A16.JPG,16
060A02.JPG,2
060A04.JPG,4
060A05.JPG,5
060A06.JPG,6
060A07.JPG,7
060A08.JPG,8
060A10.JPG,10
060A11.JPG,11
060A12.JPG,12
060A17.JPG,17
060A19.JPG,19
060A20.JPG,20
061A04.JPG,4
061A06.JPG,6
061A07.JPG,7
061A10.JPG,10
061A15.JPG,15
061A17.JPG,17
061A18.JPG,18
061A19.JPG,19
061A25.JPG,25
061A26.JPG,26
061A29.JPG,29
061A30.JPG,30
061A32.JPG,32
062A03.JPG,3
062A15.JPG,15
062A16.JPG,16
062A18.JPG,18
062A30.JPG,30
062A35.JPG,35
062A38.JPG,38
062A41.JPG,41
062A45.JPG,45
062A47.JPG,47
062A53.JPG,53
062A54.JPG,54
063A00.JPG,0
063A02.JPG,2
063A04.JPG,4
063A08.JPG,8
063A09.JPG,9
063A18.JPG,18
063A20.JPG,20
063A22.JPG,22
063A25.JPG,25
063A33.JPG,33
064A01.JPG,1
064A03.JPG,3
064A04.JPG,4
064A10.JPG,10
064A15.JPG,15
064A19.JPG,19
065A02a.JPG,2
065A02b.JPG,2
065A03a.JPG,3
065A03b.JPG,3
065A04.JPG,4
065A06a.JPG,6
065A06b.JPG,6
065A07a.JPG,7
065A07b.JPG,7
065A08.JPG,8
065A09.JPG,9
065A10.JPG,10
065A11.JPG,11
065A12.JPG,12
065A13.JPG,13
066A00.JPG,0
066A02a.JPG,2
066A02b.JPG,2
066A03.JPG,3
066A04.JPG,4
066A06a.JPG,6
066A06b.JPG,6
066A07.JPG,7
066A08.JPG,8
066A09.JPG,9
066A10.JPG,10
066A11.JPG,11
067A04.JPG,4
067A14.JPG,14
067A17.JPG,17
067A21.JPG,21
067A23.JPG,23
067A26.JPG,26
067A28.JPG,28
067A30.JPG,30
067A33.JPG,33
067A39.JPG,39
068A00.JPG,0
068A03.JPG,3
068A04.JPG,4
068A09.JPG,9
068A10a.JPG,10
068A10b.JPG,10
068A11.JPG,11
068A12.JPG,12
068A13.JPG,13
068A14.JPG,14
069A00.JPG,0
069A02.JPG,2
069A03.JPG,3
069A04.JPG,4
069A05.JPG,5
069A06.JPG,6
069A07.JPG,7
069A09.JPG,9
069A10.JPG,10
069A11.JPG,11
069A13.JPG,13
070A00.JPG,0
070A01.JPG,1
070A02.JPG,2
070A03.JPG,3
070A05.JPG,5
070A06.JPG,6
070A07.JPG,7
070A08.JPG,8
070A09.JPG,9
070A12.JPG,12
070A14.JPG,14
071A00.JPG,0
071A10.JPG,10
071A18.JPG,18
071A22.JPG,22
071A23.JPG,23
071A24.JPG,24
071A27.JPG,27
071A35.JPG,35
071A40.JPG,40
071A42.JPG,42
071A43.JPG,43
071A44.JPG,44
071A45.JPG,45
072A02.JPG,2
072A07.JPG,7
072A11.JPG,11
072A13.JPG,13
072A14.JPG,14
072A17.JPG,17
072A19.JPG,19
072A21.JPG,21
072A25.JPG,25
072A27.JPG,27
072A29.JPG,29
072A34.JPG,34
072A41.JPG,41
072A45.JPG,45
073A00.JPG,0
073A01.JPG,1
073A02.JPG,2
073A03.JPG,3
073A04.JPG,4
073A05.JPG,5
073A06.JPG,6
073A07.JPG,7
073A08.JPG,8
073A09.JPG,9
073A11.JPG,11
073A12.JPG,12
073A13.JPG,13
073A14.JPG,14
073A15.JPG,15
073A16.JPG,16
074A00.JPG,0
074A01.JPG,1
074A02.JPG,2
074A03.JPG,3
074A04.JPG,4
074A05.JPG,5
074A06.JPG,6
074A07.JPG,7
074A08.JPG,8
074A09.JPG,9
074A10.JPG,10
074A11.JPG,11
074A12.JPG,12
074A13.JPG,13
074A14.JPG,14
074A15.JPG,15
075A00.JPG,0
075A01.JPG,1
075A02.JPG,2
075A03.JPG,3
075A05.JPG,5
075A06.JPG,6
075A07.JPG,7
075A08.JPG,8
075A10.JPG,10
075A11.JPG,11
076A00.JPG,0
076A01.JPG,1
076A02.JPG,2
076A03.JPG,3
076A04.JPG,4
076A05.JPG,5
076A06.JPG,6
076A07.JPG,7
076A08.JPG,8
076A09.JPG,9
076A10.JPG,10
076A11.JPG,11
076A12.JPG,12
076A13.JPG,13
076A14.JPG,14
076A15.JPG,15
076A16.JPG,16
076A17.JPG,17
077A00.JPG,0
077A01.JPG,1
077A02.JPG,2
077A03.JPG,3
077A04.JPG,4
077A06.JPG,6
077A07.JPG,7
077A08.JPG,8
077A09.JPG,9
077A10.JPG,10
077A11.JPG,11
077A12.JPG,12
077A13.JPG,13
077A14.JPG,14
077A15.JPG,15
077A16.JPG,16
078A00.JPG,0
078A01.JPG,1
078A02.JPG,2
078A03.JPG,3
078A04.JPG,4
078A05.JPG,5
078A06.JPG,6
078A07.JPG,7
078A08.JPG,8
078A09.JPG,9
078A10.JPG,10
078A11.JPG,11
078A12.JPG,12
078A13.JPG,13
078A14.JPG,14
078A15.JPG,15
079A00.JPG,0
079A01.JPG,1
079A02.JPG,2
079A03.JPG,3
079A04.JPG,4
079A05.JPG,5
079A06.JPG,6
079A07.JPG,7
079A08.JPG,8
079A09.JPG,9
079A10.JPG,10
079A11.JPG,11
079A12.JPG,12
079A13.JPG,13
080A00.JPG,0
080A01.JPG,1
080A02.JPG,2
080A03.JPG,3
080A04.JPG,4
080A05.JPG,5
080A06.JPG,6
080A07.JPG,7
080A08.JPG,8
080A09.JPG,9
080A10.JPG,10
080A12.JPG,12
080A13.JPG,13
080A14.JPG,14
081A00.JPG,0
081A01.JPG,1
081A02.JPG,2
081A03.JPG,3
081A04.JPG,4
081A05.JPG,5
081A06.JPG,6
081A07.JPG,7
081A08.JPG,8
081A10.JPG,10
081A11.JPG,11
081A12.JPG,12
082A00.JPG,0
082A03.JPG,3
082A16.JPG,16
082A18.JPG,18
082A20.JPG,20
082A21.JPG,21
082A22.JPG,22
082A23.JPG,23
082A25.JPG,25
082A27.JPG,27
082A31.JPG,31
