,Age,F1,F10,F11,F12,F2,F3,F4,F5,F6,F7,F8,F9,path
0,2,0.63,0.29,0.07,0.07,0.25,0.45,0.08,0.19,0.34,0.29,0.63,0.34,./results/001A02.JPG
1,5,0.61,0.33,0.09,0.09,0.26,0.44,0.07,0.19,0.4,0.33,0.78,0.45,./results/001A05.JPG
2,8,0.6,0.28,0.09,0.09,0.25,0.44,0.07,0.17,0.34,0.28,0.64,0.36,./results/001A08.JPG
3,10,0.62,0.25,0.08,0.08,0.26,0.45,0.07,0.17,0.32,0.25,0.56,0.31,./results/001A10.JPG
4,14,0.6,0.27,0.07,0.07,0.25,0.43,0.07,0.18,0.35,0.27,0.59,0.32,./results/001A14.JPG
5,18,0.62,0.3,0.08,0.08,0.27,0.45,0.07,0.23,0.49,0.3,0.73,0.44,./results/001A18.JPG
6,28,0.6,0.31,0.09,0.09,0.26,0.44,0.07,0.2,0.38,0.31,0.71,0.4,./results/001A28.JPG
7,29,0.61,0.28,0.08,0.08,0.26,0.45,0.07,0.2,0.39,0.28,0.65,0.37,./results/001A29.JPG
8,43,0.62,0.33,0.1,0.1,0.27,0.45,0.07,0.22,0.39,0.33,0.77,0.44,./results/001A43a.JPG
9,3,0.6,0.22,0.06,0.06,0.25,0.43,0.07,0.18,0.42,0.22,0.55,0.34,./results/002A03.JPG
10,5,0.6,0.27,0.09,0.09,0.25,0.43,0.07,0.16,0.32,0.27,0.66,0.39,./results/002A05.JPG
11,12,0.64,0.27,0.08,0.08,0.26,0.46,0.07,0.17,0.37,0.27,0.62,0.35,./results/002A12.JPG
12,15,0.63,0.25,0.07,0.07,0.26,0.45,0.08,0.18,0.36,0.25,0.54,0.29,./results/002A15.JPG
13,20,0.61,0.31,0.09,0.09,0.26,0.44,0.06,0.18,0.35,0.31,0.71,0.4,./results/002A20.JPG
14,21,0.64,0.3,0.06,0.06,0.27,0.46,0.07,0.21,0.48,0.3,0.69,0.39,./results/002A21.JPG
15,26,0.6,0.26,0.04,0.04,0.26,0.43,0.06,0.21,0.5,0.26,0.63,0.37,./results/002A26.JPG
16,38,0.63,0.29,0.09,0.09,0.25,0.45,0.07,0.17,0.4,0.29,0.74,0.45,./results/002A38.JPG
17,18,0.61,0.31,0.08,0.08,0.26,0.44,0.07,0.18,0.34,0.31,0.68,0.38,./results/003A18.JPG
18,20,0.62,0.3,0.08,0.08,0.26,0.45,0.07,0.18,0.35,0.3,0.66,0.36,./results/003A20.JPG
19,23,0.61,0.27,0.07,0.07,0.26,0.44,0.06,0.18,0.38,0.27,0.64,0.38,./results/003A23.JPG
20,25,0.64,0.25,0.07,0.07,0.26,0.46,0.08,0.18,0.37,0.25,0.57,0.32,./results/003A25.JPG
21,35,0.6,0.29,0.09,0.09,0.25,0.43,0.07,0.18,0.36,0.29,0.71,0.42,./results/003A35.JPG
22,47,0.61,0.29,0.09,0.09,0.26,0.44,0.07,0.2,0.41,0.29,0.72,0.44,./results/003A47.JPG
23,49,0.62,0.28,0.08,0.08,0.26,0.45,0.07,0.21,0.38,0.28,0.63,0.36,./results/003A49.JPG
24,58,0.64,0.33,0.1,0.1,0.27,0.47,0.07,0.2,0.4,0.33,0.73,0.41,./results/003A58.JPG
25,60,0.64,0.28,0.09,0.09,0.27,0.46,0.07,0.19,0.38,0.28,0.64,0.36,./results/003A60.JPG
26,21,0.61,0.29,0.08,0.08,0.25,0.44,0.07,0.2,0.39,0.29,0.66,0.37,./results/004A21.JPG
27,40,0.64,0.3,0.08,0.08,0.27,0.46,0.07,0.22,0.45,0.3,0.7,0.4,./results/004A40.JPG
28,48,0.64,0.28,0.08,0.08,0.28,0.47,0.07,0.22,0.43,0.28,0.61,0.34,./results/004A48.JPG
29,63,0.63,0.34,0.07,0.07,0.28,0.46,0.06,0.23,0.44,0.34,0.73,0.38,./results/004A63.JPG
30,18,0.6,0.32,0.08,0.08,0.25,0.43,0.07,0.18,0.36,0.32,0.7,0.38,./results/005A18.JPG
31,24,0.58,0.26,0.07,0.07,0.25,0.42,0.06,0.19,0.35,0.26,0.56,0.3,./results/005A24.JPG
32,30,0.6,0.31,0.09,0.09,0.25,0.43,0.06,0.18,0.35,0.31,0.7,0.39,./results/005A30.JPG
33,31,0.61,0.27,0.09,0.09,0.25,0.44,0.07,0.18,0.38,0.27,0.63,0.36,./results/005A31.JPG
34,35,0.59,0.24,0.07,0.07,0.25,0.43,0.07,0.18,0.38,0.24,0.56,0.32,./results/005A35.JPG
35,40,0.6,0.28,0.08,0.08,0.26,0.44,0.06,0.19,0.43,0.28,0.64,0.36,./results/005A40.JPG
36,48,0.6,0.28,0.1,0.1,0.25,0.44,0.06,0.18,0.36,0.28,0.71,0.43,./results/005A48.JPG
37,52,0.58,0.24,0.07,0.07,0.24,0.42,0.07,0.18,0.38,0.24,0.56,0.32,./results/005A52.JPG
38,61,0.6,0.27,0.06,0.06,0.25,0.43,0.06,0.21,0.45,0.27,0.64,0.37,./results/005A61.JPG
39,24,0.61,0.25,0.07,0.07,0.26,0.44,0.06,0.2,0.42,0.25,0.59,0.34,./results/006A24.JPG
40,28,0.61,0.24,0.06,0.06,0.25,0.44,0.06,0.2,0.42,0.24,0.59,0.35,./results/006A28.JPG
41,36,0.59,0.28,0.09,0.09,0.25,0.43,0.06,0.19,0.41,0.28,0.73,0.45,./results/006A36.JPG
42,46,0.62,0.26,0.09,0.09,0.27,0.45,0.07,0.19,0.41,0.26,0.67,0.4,./results/006A46.JPG
43,55,0.59,0.3,0.09,0.09,0.25,0.43,0.06,0.2,0.44,0.3,0.78,0.49,./results/006A55.JPG
44,61,0.61,0.26,0.09,0.09,0.26,0.44,0.06,0.2,0.41,0.26,0.66,0.41,./results/006A61.JPG
45,67,0.58,0.27,0.09,0.09,0.25,0.42,0.06,0.2,0.35,0.27,0.65,0.38,./results/006A67.JPG
46,69,0.59,0.3,0.1,0.1,0.26,0.43,0.07,0.19,0.37,0.3,0.74,0.44,./results/006A69.JPG
47,1,0.63,0.23,0.09,0.09,0.25,0.45,0.07,0.15,0.29,0.23,0.55,0.32,./results/007A01.JPG
48,22,0.62,0.25,0.08,0.08,0.26,0.45,0.07,0.19,0.34,0.25,0.56,0.31,./results/007A22.JPG
49,23,0.62,0.27,0.07,0.07,0.27,0.46,0.07,0.19,0.38,0.27,0.59,0.33,./results/007A23.JPG
50,38,0.61,0.27,0.07,0.07,0.26,0.44,0.07,0.2,0.36,0.27,0.59,0.31,./results/007A38.JPG
51,45,0.61,0.27,0.07,0.07,0.26,0.44,0.07,0.21,0.37,0.27,0.59,0.32,./results/007A45.JPG
52,3,0.61,0.25,0.07,0.07,0.26,0.44,0.07,0.18,0.39,0.25,0.59,0.34,./results/008A03.JPG
53,6,0.62,0.26,0.07,0.07,0.25,0.44,0.07,0.18,0.38,0.26,0.6,0.34,./results/008A06.JPG
54,8,0.62,0.26,0.08,0.08,0.25,0.44,0.07,0.16,0.31,0.26,0.56,0.3,./results/008A08.JPG
55,12,0.62,0.33,0.09,0.09,0.25,0.45,0.07,0.18,0.34,0.33,0.77,0.44,./results/008A12.JPG
56,16,0.63,0.3,0.06,0.06,0.26,0.46,0.07,0.21,0.47,0.3,0.69,0.39,./results/008A16.JPG
57,17,0.63,0.29,0.08,0.08,0.26,0.45,0.07,0.17,0.35,0.29,0.66,0.37,./results/008A17.JPG
58,33,0.63,0.25,0.05,0.05,0.26,0.45,0.07,0.18,0.42,0.25,0.58,0.33,./results/008A33.JPG
59,35,0.63,0.28,0.05,0.05,0.27,0.45,0.07,0.2,0.45,0.28,0.63,0.35,./results/008A35.JPG
60,41,0.62,0.28,0.06,0.06,0.26,0.45,0.07,0.19,0.42,0.28,0.65,0.38,./results/008A41.JPG
61,0,0.59,0.22,0.06,0.06,0.25,0.42,0.07,0.18,0.37,0.22,0.51,0.3,./results/009A00.JPG
62,3,0.62,0.25,0.08,0.08,0.25,0.44,0.07,0.15,0.29,0.25,0.55,0.31,./results/009A03.JPG
63,5,0.61,0.25,0.05,0.05,0.25,0.43,0.07,0.19,0.41,0.25,0.54,0.29,./results/009A05.JPG
64,9,0.61,0.27,0.08,0.08,0.25,0.44,0.07,0.17,0.36,0.27,0.59,0.32,./results/009A09.JPG
65,11,0.62,0.23,0.07,0.07,0.26,0.45,0.07,0.18,0.39,0.23,0.59,0.36,./results/009A11.JPG
66,18,0.62,0.25,0.05,0.05,0.26,0.45,0.07,0.2,0.42,0.25,0.58,0.33,./results/009A18.JPG
67,22,0.64,0.27,0.07,0.07,0.27,0.47,0.06,0.2,0.42,0.27,0.67,0.4,./results/009A22a.JPG
68,22,0.64,0.27,0.07,0.07,0.26,0.46,0.08,0.19,0.39,0.27,0.59,0.32,./results/009A22b.JPG
69,1,0.59,0.23,0.07,0.07,0.24,0.42,0.07,0.15,0.29,0.23,0.54,0.31,./results/010A01.JPG
70,4,0.63,0.27,0.08,0.08,0.26,0.45,0.07,0.17,0.37,0.27,0.63,0.37,./results/010A04.JPG
71,5,0.63,0.25,0.06,0.06,0.26,0.45,0.07,0.18,0.39,0.25,0.55,0.3,./results/010A05.JPG
72,6,0.64,0.25,0.06,0.06,0.26,0.45,0.07,0.18,0.39,0.25,0.51,0.26,./results/010A06.JPG
73,15,0.64,0.28,0.05,0.05,0.27,0.46,0.07,0.22,0.46,0.28,0.63,0.36,./results/010A15.JPG
74,18,0.65,0.29,0.06,0.06,0.26,0.47,0.08,0.2,0.41,0.29,0.61,0.32,./results/010A18.JPG
75,2,0.62,0.28,0.08,0.08,0.25,0.44,0.07,0.16,0.29,0.28,0.59,0.32,./results/011A02.JPG
76,5,0.63,0.22,0.07,0.07,0.26,0.45,0.07,0.16,0.31,0.22,0.49,0.28,./results/011A05.JPG
77,7,0.65,0.31,0.11,0.11,0.27,0.47,0.08,0.17,0.3,0.31,0.71,0.39,./results/011A07.JPG
78,13,0.63,0.25,0.08,0.08,0.27,0.45,0.07,0.17,0.33,0.25,0.6,0.35,./results/011A13.JPG
79,14,0.65,0.27,0.08,0.08,0.27,0.47,0.07,0.19,0.35,0.27,0.61,0.35,./results/011A14.JPG
80,15,0.63,0.29,0.08,0.08,0.26,0.45,0.07,0.21,0.44,0.29,0.73,0.44,./results/011A15.JPG
81,17,0.65,0.26,0.08,0.08,0.27,0.47,0.07,0.2,0.37,0.26,0.55,0.3,./results/011A17.JPG
82,20,0.59,0.25,0.07,0.07,0.24,0.42,0.07,0.2,0.37,0.25,0.58,0.33,./results/011A20.JPG
83,40,0.64,0.32,0.11,0.11,0.28,0.47,0.07,0.2,0.39,0.32,0.77,0.45,./results/011A40.JPG
84,7,0.61,0.26,0.06,0.06,0.26,0.43,0.06,0.2,0.4,0.26,0.58,0.32,./results/012A07.JPG
85,18,0.64,0.27,0.07,0.07,0.27,0.46,0.07,0.18,0.36,0.27,0.59,0.32,./results/012A18.JPG
86,21,0.64,0.27,0.07,0.07,0.27,0.46,0.07,0.19,0.38,0.27,0.6,0.33,./results/012A21.JPG
87,26,0.6,0.27,0.08,0.08,0.25,0.43,0.06,0.18,0.39,0.27,0.71,0.44,./results/012A26.JPG
88,27,0.61,0.23,0.08,0.08,0.26,0.44,0.07,0.18,0.35,0.23,0.56,0.32,./results/012A27.JPG
89,32,0.64,0.27,0.08,0.08,0.27,0.47,0.07,0.18,0.38,0.27,0.61,0.34,./results/012A32.JPG
90,34,0.65,0.26,0.07,0.07,0.28,0.47,0.07,0.19,0.35,0.26,0.52,0.25,./results/012A34.JPG
91,36,0.61,0.33,0.11,0.11,0.25,0.44,0.07,0.18,0.33,0.33,0.73,0.4,./results/012A36.JPG
92,0,0.6,0.25,0.07,0.07,0.25,0.43,0.07,0.16,0.29,0.25,0.54,0.3,./results/013A00.JPG
93,8,0.6,0.28,0.08,0.08,0.25,0.43,0.07,0.16,0.31,0.28,0.61,0.33,./results/013A08.JPG
94,16,0.59,0.29,0.09,0.09,0.26,0.43,0.06,0.21,0.37,0.29,0.68,0.38,./results/013A16.JPG
95,18,0.63,0.3,0.08,0.08,0.27,0.46,0.07,0.19,0.35,0.3,0.62,0.32,./results/013A18.JPG
96,19,0.62,0.28,0.07,0.07,0.27,0.45,0.07,0.2,0.37,0.28,0.59,0.31,./results/013A19.JPG
97,21,0.58,0.33,0.11,0.11,0.25,0.42,0.06,0.18,0.32,0.33,0.78,0.45,./results/013A21.JPG
98,23,0.62,0.28,0.08,0.08,0.26,0.45,0.07,0.19,0.33,0.28,0.57,0.29,./results/013A23.JPG
99,30,0.59,0.26,0.07,0.07,0.25,0.43,0.06,0.22,0.42,0.26,0.62,0.37,./results/013A30.JPG
100,41,0.59,0.26,0.06,0.06,0.24,0.42,0.06,0.2,0.36,0.26,0.55,0.29,./results/013A41.JPG
101,44,0.6,0.27,0.09,0.09,0.26,0.44,0.06,0.21,0.39,0.27,0.65,0.38,./results/013A44.JPG
102,12,0.62,0.31,0.08,0.08,0.26,0.45,0.07,0.17,0.34,0.31,0.67,0.36,./results/014A12.JPG
103,16,0.61,0.27,0.08,0.08,0.25,0.44,0.07,0.18,0.34,0.27,0.59,0.32,./results/014A16.JPG
104,18,0.61,0.27,0.07,0.07,0.26,0.44,0.07,0.18,0.35,0.27,0.58,0.32,./results/014A18.JPG
105,22,0.61,0.24,0.06,0.06,0.26,0.44,0.07,0.17,0.33,0.24,0.51,0.28,./results/014A22.JPG
106,40,0.62,0.27,0.06,0.06,0.26,0.45,0.07,0.2,0.41,0.27,0.61,0.34,./results/014A40.JPG
107,0,0.6,0.23,0.07,0.07,0.25,0.43,0.07,0.18,0.34,0.23,0.55,0.31,./results/015A00.JPG
108,1,0.62,0.24,0.08,0.08,0.25,0.44,0.07,0.15,0.27,0.24,0.52,0.28,./results/015A01.JPG
109,3,0.62,0.26,0.08,0.08,0.27,0.45,0.07,0.19,0.34,0.26,0.63,0.37,./results/015A03.JPG
110,7,0.63,0.28,0.09,0.09,0.26,0.45,0.07,0.19,0.34,0.28,0.65,0.37,./results/015A07.JPG
111,9,0.6,0.27,0.09,0.09,0.26,0.44,0.07,0.18,0.36,0.27,0.68,0.41,./results/015A09.JPG
112,12,0.64,0.28,0.08,0.08,0.27,0.46,0.07,0.19,0.34,0.28,0.66,0.38,./results/015A12.JPG
113,14,0.62,0.3,0.09,0.09,0.26,0.45,0.06,0.19,0.36,0.3,0.7,0.4,./results/015A14.JPG
114,15,0.63,0.26,0.06,0.06,0.27,0.46,0.07,0.2,0.39,0.26,0.61,0.35,./results/015A15.JPG
115,17,0.63,0.28,0.06,0.06,0.26,0.45,0.07,0.2,0.38,0.28,0.62,0.34,./results/015A17.JPG
116,19,0.64,0.27,0.07,0.07,0.26,0.46,0.08,0.17,0.35,0.27,0.6,0.33,./results/015A19.JPG
117,3,0.61,0.25,0.05,0.05,0.25,0.44,0.07,0.2,0.4,0.25,0.52,0.27,./results/016A03.JPG
118,5,0.62,0.24,0.07,0.07,0.26,0.44,0.07,0.19,0.33,0.24,0.53,0.3,./results/016A05.JPG
119,7,0.63,0.3,0.09,0.09,0.26,0.45,0.07,0.19,0.35,0.3,0.72,0.42,./results/016A07.JPG
120,12,0.62,0.26,0.08,0.08,0.26,0.45,0.06,0.19,0.33,0.26,0.6,0.33,./results/016A12.JPG
121,16,0.62,0.3,0.08,0.08,0.26,0.45,0.07,0.19,0.35,0.3,0.67,0.38,./results/016A16.JPG
122,17,0.63,0.3,0.08,0.08,0.27,0.45,0.07,0.2,0.36,0.3,0.64,0.35,./results/016A17.JPG
123,18,0.59,0.32,0.09,0.09,0.25,0.43,0.06,0.18,0.34,0.32,0.7,0.39,./results/016A18.JPG
124,19,0.62,0.34,0.09,0.09,0.26,0.45,0.07,0.2,0.34,0.34,0.7,0.36,./results/016A19.JPG
125,5,0.6,0.25,0.07,0.07,0.25,0.43,0.06,0.19,0.35,0.25,0.53,0.29,./results/017A05.JPG
126,12,0.61,0.27,0.08,0.08,0.25,0.44,0.06,0.18,0.31,0.27,0.59,0.31,./results/017A12.JPG
127,17,0.62,0.26,0.08,0.08,0.26,0.45,0.07,0.19,0.34,0.26,0.58,0.32,./results/017A17.JPG
128,19,0.61,0.26,0.06,0.06,0.27,0.44,0.06,0.21,0.41,0.26,0.6,0.34,./results/017A19.JPG
129,29,0.6,0.26,0.08,0.08,0.26,0.44,0.06,0.19,0.34,0.26,0.61,0.35,./results/017A29.JPG
130,32,0.59,0.27,0.09,0.09,0.25,0.42,0.06,0.19,0.34,0.27,0.69,0.42,./results/017A32.JPG
131,36,0.62,0.25,0.09,0.09,0.26,0.45,0.07,0.19,0.36,0.25,0.63,0.37,./results/017A36.JPG
132,42,0.61,0.28,0.08,0.08,0.25,0.44,0.07,0.21,0.36,0.28,0.64,0.35,./results/017A42.JPG
133,6,0.63,0.24,0.07,0.07,0.26,0.45,0.06,0.2,0.41,0.24,0.54,0.3,./results/018A06.JPG
134,18,0.65,0.34,0.11,0.11,0.26,0.46,0.07,0.19,0.37,0.34,0.84,0.5,./results/018A18.JPG
135,28,0.61,0.29,0.1,0.1,0.25,0.44,0.06,0.18,0.36,0.29,0.72,0.43,./results/018A28.JPG
136,0,0.6,0.22,0.08,0.08,0.25,0.42,0.07,0.16,0.3,0.22,0.55,0.33,./results/019A00.JPG
137,3,0.61,0.25,0.08,0.08,0.25,0.43,0.06,0.17,0.31,0.25,0.6,0.35,./results/019A03.JPG
138,5,0.61,0.28,0.07,0.07,0.25,0.44,0.06,0.18,0.36,0.28,0.63,0.35,./results/019A05.JPG
139,7,0.62,0.29,0.09,0.09,0.26,0.44,0.07,0.18,0.33,0.29,0.65,0.36,./results/019A07.JPG
140,12,0.61,0.27,0.08,0.08,0.26,0.44,0.06,0.2,0.34,0.27,0.57,0.3,./results/019A12.JPG
141,15,0.61,0.27,0.08,0.08,0.26,0.44,0.06,0.2,0.36,0.27,0.64,0.38,./results/019A15.JPG
142,18,0.6,0.31,0.09,0.09,0.26,0.43,0.06,0.2,0.37,0.31,0.72,0.41,./results/019A18.JPG
143,23,0.59,0.29,0.07,0.07,0.25,0.43,0.07,0.2,0.34,0.29,0.56,0.27,./results/019A23.JPG
144,27,0.61,0.26,0.06,0.06,0.26,0.44,0.06,0.21,0.38,0.26,0.56,0.3,./results/019A27.JPG
145,30,0.59,0.29,0.05,0.05,0.26,0.43,0.06,0.24,0.42,0.29,0.59,0.3,./results/019A30.JPG
146,4,0.59,0.25,0.08,0.08,0.25,0.42,0.06,0.19,0.33,0.25,0.58,0.32,./results/020A04.JPG
147,8,0.62,0.26,0.09,0.09,0.26,0.45,0.07,0.19,0.32,0.26,0.54,0.28,./results/020A08.JPG
148,13,0.59,0.27,0.06,0.06,0.25,0.42,0.06,0.22,0.46,0.27,0.66,0.4,./results/020A13.JPG
149,16,0.59,0.27,0.08,0.08,0.25,0.42,0.06,0.18,0.34,0.27,0.65,0.37,./results/020A16.JPG
150,20,0.57,0.25,0.07,0.07,0.23,0.41,0.07,0.17,0.34,0.25,0.55,0.3,./results/020A20.JPG
151,22,0.61,0.24,0.05,0.05,0.25,0.44,0.06,0.21,0.47,0.24,0.63,0.4,./results/020A22.JPG
152,24,0.6,0.25,0.06,0.06,0.26,0.43,0.06,0.19,0.4,0.25,0.63,0.38,./results/020A24.JPG
153,26,0.59,0.25,0.07,0.07,0.25,0.42,0.06,0.19,0.36,0.25,0.56,0.32,./results/020A26.JPG
154,3,0.6,0.26,0.09,0.09,0.25,0.42,0.07,0.17,0.29,0.26,0.61,0.35,./results/021A03.JPG
155,5,0.59,0.27,0.08,0.08,0.25,0.42,0.07,0.17,0.32,0.27,0.59,0.32,./results/021A05.JPG
156,6,0.58,0.3,0.09,0.09,0.24,0.41,0.07,0.17,0.31,0.3,0.66,0.36,./results/021A06.JPG
157,20,0.59,0.3,0.06,0.06,0.25,0.43,0.06,0.2,0.44,0.3,0.71,0.41,./results/021A20.JPG
158,23,0.6,0.29,0.06,0.06,0.25,0.43,0.06,0.2,0.45,0.29,0.74,0.45,./results/021A23.JPG
159,27,0.61,0.23,0.06,0.06,0.26,0.44,0.07,0.21,0.44,0.23,0.56,0.33,./results/021A27.JPG
160,30,0.59,0.24,0.06,0.06,0.26,0.43,0.06,0.22,0.46,0.24,0.61,0.37,./results/021A30.JPG
161,35,0.63,0.27,0.05,0.05,0.26,0.45,0.07,0.22,0.49,0.27,0.64,0.36,./results/021A35.JPG
162,39,0.61,0.27,0.06,0.06,0.25,0.44,0.07,0.21,0.42,0.27,0.61,0.34,./results/021A39.JPG
163,0,0.59,0.32,0.09,0.09,0.25,0.42,0.06,0.19,0.35,0.32,0.77,0.44,./results/022A00.JPG
164,11,0.64,0.25,0.08,0.08,0.27,0.46,0.07,0.19,0.37,0.25,0.61,0.35,./results/022A11.JPG
165,16,0.6,0.28,0.09,0.09,0.26,0.44,0.06,0.2,0.36,0.28,0.66,0.38,./results/022A16.JPG
166,18,0.64,0.26,0.08,0.08,0.28,0.46,0.07,0.2,0.39,0.26,0.61,0.35,./results/022A18.JPG
167,20,0.63,0.25,0.06,0.06,0.27,0.46,0.07,0.23,0.44,0.25,0.56,0.3,./results/022A20.JPG
168,23,0.65,0.27,0.07,0.07,0.29,0.48,0.07,0.22,0.45,0.27,0.61,0.34,./results/022A23.JPG
169,27,0.63,0.28,0.08,0.08,0.28,0.46,0.07,0.21,0.42,0.28,0.69,0.41,./results/022A27.JPG
170,0,0.59,0.25,0.07,0.07,0.25,0.43,0.07,0.18,0.32,0.25,0.55,0.31,./results/023A00.JPG
171,9,0.6,0.26,0.09,0.09,0.24,0.43,0.07,0.16,0.3,0.26,0.61,0.35,./results/023A09.JPG
172,16,0.61,0.27,0.06,0.06,0.25,0.44,0.06,0.22,0.45,0.27,0.65,0.38,./results/023A16.JPG
173,21,0.61,0.29,0.08,0.08,0.26,0.44,0.06,0.21,0.36,0.29,0.64,0.34,./results/023A21.JPG
174,29,0.59,0.27,0.1,0.1,0.25,0.43,0.06,0.19,0.36,0.27,0.74,0.48,./results/023A29.JPG
175,0,0.55,0.26,0.07,0.07,0.24,0.4,0.06,0.18,0.32,0.26,0.62,0.36,./results/024A00.JPG
176,10,0.6,0.25,0.08,0.08,0.25,0.43,0.06,0.18,0.37,0.25,0.62,0.36,./results/024A10.JPG
177,23,0.62,0.24,0.08,0.08,0.27,0.45,0.07,0.19,0.36,0.24,0.58,0.34,./results/024A23.JPG
178,25,0.59,0.25,0.08,0.08,0.26,0.43,0.06,0.19,0.35,0.25,0.61,0.36,./results/024A25.JPG
179,30,0.59,0.28,0.1,0.1,0.26,0.43,0.06,0.19,0.38,0.28,0.71,0.44,./results/024A30.JPG
180,7,0.61,0.28,0.04,0.04,0.26,0.43,0.06,0.22,0.48,0.28,0.6,0.33,./results/025A07.JPG
181,12,0.6,0.28,0.06,0.06,0.25,0.43,0.07,0.18,0.39,0.28,0.61,0.33,./results/025A12.JPG
182,18,0.6,0.27,0.05,0.05,0.25,0.44,0.06,0.23,0.43,0.27,0.61,0.34,./results/025A18.JPG
183,22,0.63,0.28,0.05,0.05,0.27,0.45,0.07,0.21,0.42,0.28,0.61,0.33,./results/025A22.JPG
184,23,0.62,0.27,0.07,0.07,0.26,0.45,0.07,0.19,0.34,0.27,0.59,0.32,./results/025A23.JPG
185,28,0.6,0.28,0.07,0.07,0.26,0.43,0.06,0.19,0.38,0.28,0.66,0.38,./results/025A28.JPG
186,34,0.61,0.28,0.06,0.06,0.25,0.44,0.06,0.22,0.43,0.28,0.67,0.39,./results/025A34.JPG
187,0,0.59,0.27,0.08,0.08,0.25,0.42,0.07,0.17,0.29,0.27,0.57,0.3,./results/026A00.JPG
188,2,0.61,0.25,0.08,0.08,0.25,0.44,0.07,0.17,0.33,0.25,0.55,0.29,./results/026A02.JPG
189,7,0.66,0.25,0.06,0.06,0.27,0.47,0.07,0.2,0.39,0.25,0.52,0.27,./results/026A07.JPG
190,18,0.64,0.28,0.08,0.08,0.27,0.46,0.07,0.18,0.37,0.28,0.64,0.36,./results/026A18.JPG
191,19,0.64,0.27,0.07,0.07,0.26,0.46,0.07,0.18,0.37,0.27,0.61,0.34,./results/026A19.JPG
192,11,0.61,0.26,0.07,0.07,0.26,0.44,0.07,0.18,0.34,0.26,0.55,0.29,./results/027A11.JPG
193,13,0.66,0.27,0.06,0.06,0.27,0.48,0.07,0.2,0.38,0.27,0.53,0.26,./results/027A13.JPG
194,25,0.61,0.26,0.06,0.06,0.26,0.44,0.06,0.21,0.4,0.26,0.59,0.33,./results/027A25.JPG
195,36,0.62,0.26,0.08,0.08,0.26,0.45,0.07,0.19,0.37,0.26,0.62,0.36,./results/027A36.JPG
196,41,0.63,0.26,0.04,0.04,0.26,0.45,0.06,0.24,0.49,0.26,0.57,0.31,./results/027A41.JPG
197,14,0.6,0.26,0.09,0.09,0.26,0.44,0.06,0.18,0.33,0.26,0.61,0.35,./results/028A14.JPG
198,18,0.61,0.31,0.09,0.09,0.26,0.44,0.06,0.19,0.37,0.31,0.69,0.38,./results/028A18.JPG
199,34,0.6,0.27,0.06,0.06,0.26,0.43,0.06,0.23,0.45,0.27,0.62,0.35,./results/028A34.JPG
200,37,0.6,0.28,0.1,0.1,0.25,0.43,0.06,0.18,0.34,0.28,0.7,0.41,./results/028A37.JPG
201,41,0.58,0.28,0.06,0.06,0.25,0.42,0.06,0.22,0.42,0.28,0.66,0.38,./results/028A41.JPG
202,46,0.61,0.29,0.09,0.09,0.26,0.44,0.07,0.18,0.36,0.29,0.65,0.37,./results/028A46.JPG
203,1,0.59,0.27,0.09,0.09,0.24,0.42,0.06,0.16,0.29,0.27,0.65,0.38,./results/029A01.JPG
204,11,0.6,0.27,0.07,0.07,0.25,0.43,0.06,0.2,0.4,0.27,0.65,0.38,./results/029A11.JPG
205,13,0.58,0.27,0.09,0.09,0.24,0.42,0.06,0.17,0.32,0.27,0.61,0.34,./results/029A13.JPG
206,16,0.61,0.31,0.07,0.07,0.25,0.44,0.06,0.22,0.4,0.31,0.68,0.38,./results/029A16.JPG
207,20,0.59,0.25,0.07,0.07,0.25,0.42,0.07,0.2,0.33,0.25,0.53,0.28,./results/029A20.JPG
208,22,0.62,0.26,0.08,0.08,0.27,0.45,0.06,0.21,0.45,0.26,0.7,0.44,./results/029A22.JPG
209,23,0.62,0.26,0.08,0.08,0.26,0.45,0.07,0.2,0.41,0.26,0.62,0.36,./results/029A23.JPG
210,33,0.61,0.29,0.08,0.08,0.27,0.45,0.06,0.22,0.4,0.29,0.67,0.39,./results/029A33.JPG
211,0,0.59,0.25,0.07,0.07,0.24,0.42,0.07,0.16,0.37,0.25,0.62,0.37,./results/030A00.JPG
212,5,0.63,0.27,0.06,0.06,0.27,0.45,0.07,0.2,0.42,0.27,0.63,0.36,./results/030A05.JPG
213,16,0.62,0.29,0.06,0.06,0.26,0.45,0.06,0.21,0.45,0.29,0.68,0.4,./results/030A16.JPG
214,17,0.61,0.28,0.06,0.06,0.26,0.44,0.06,0.21,0.44,0.28,0.67,0.39,./results/030A17.JPG
215,18,0.6,0.28,0.05,0.05,0.25,0.43,0.06,0.2,0.44,0.28,0.68,0.4,./results/030A18.JPG
216,20,0.64,0.29,0.05,0.05,0.28,0.47,0.07,0.22,0.47,0.29,0.65,0.36,./results/030A20.JPG
217,26,0.63,0.27,0.05,0.05,0.26,0.46,0.07,0.2,0.46,0.27,0.65,0.39,./results/030A26.JPG
218,0,0.58,0.23,0.07,0.07,0.25,0.41,0.06,0.17,0.34,0.23,0.55,0.32,./results/031A00.JPG
219,2,0.64,0.23,0.05,0.05,0.26,0.46,0.06,0.22,0.41,0.23,0.53,0.29,./results/031A02.JPG
220,3,0.59,0.23,0.07,0.07,0.24,0.42,0.07,0.17,0.33,0.23,0.55,0.32,./results/031A03.JPG
221,4,0.62,0.23,0.08,0.08,0.26,0.44,0.07,0.17,0.3,0.23,0.5,0.27,./results/031A04.JPG
222,6,0.58,0.2,0.06,0.06,0.24,0.42,0.07,0.17,0.29,0.2,0.47,0.27,./results/031A06.JPG
223,7,0.59,0.25,0.09,0.09,0.24,0.42,0.07,0.16,0.34,0.25,0.6,0.35,./results/031A07.JPG
224,11,0.6,0.3,0.1,0.1,0.24,0.43,0.07,0.16,0.29,0.3,0.68,0.39,./results/031A11.JPG
225,12,0.6,0.26,0.08,0.08,0.26,0.44,0.07,0.17,0.31,0.26,0.59,0.33,./results/031A12.JPG
226,14,0.6,0.28,0.08,0.08,0.26,0.44,0.07,0.19,0.36,0.28,0.64,0.36,./results/031A14.JPG
227,15,0.59,0.28,0.09,0.09,0.25,0.42,0.06,0.18,0.32,0.28,0.69,0.4,./results/031A15.JPG
228,16,0.61,0.27,0.08,0.08,0.26,0.44,0.06,0.19,0.34,0.27,0.62,0.35,./results/031A16.JPG
229,6,0.6,0.24,0.08,0.08,0.24,0.43,0.07,0.16,0.32,0.24,0.54,0.31,./results/032A06.JPG
230,8,0.6,0.26,0.06,0.06,0.25,0.43,0.07,0.18,0.37,0.26,0.57,0.3,./results/032A08.JPG
231,10,0.62,0.31,0.08,0.08,0.26,0.45,0.07,0.19,0.44,0.31,0.71,0.4,./results/032A10.JPG
232,13,0.62,0.29,0.07,0.07,0.26,0.45,0.07,0.2,0.4,0.29,0.64,0.35,./results/032A13.JPG
233,15,0.63,0.27,0.06,0.06,0.26,0.45,0.07,0.22,0.44,0.27,0.58,0.31,./results/032A15.JPG
234,18,0.64,0.32,0.08,0.08,0.27,0.46,0.07,0.21,0.42,0.32,0.72,0.41,./results/032A18.JPG
235,24,0.61,0.28,0.07,0.07,0.25,0.43,0.07,0.18,0.38,0.28,0.67,0.39,./results/032A24.JPG
236,28,0.61,0.29,0.06,0.06,0.26,0.44,0.06,0.2,0.46,0.29,0.72,0.43,./results/032A28.JPG
237,5,0.61,0.23,0.06,0.06,0.25,0.44,0.07,0.19,0.36,0.23,0.5,0.27,./results/033A05.JPG
238,10,0.63,0.27,0.08,0.08,0.27,0.46,0.07,0.18,0.39,0.27,0.65,0.37,./results/033A10.JPG
239,25,0.6,0.26,0.07,0.07,0.26,0.44,0.06,0.21,0.44,0.26,0.65,0.4,./results/033A25.JPG
240,30,0.64,0.24,0.06,0.06,0.28,0.46,0.06,0.25,0.49,0.24,0.57,0.33,./results/033A30.JPG
241,39,0.6,0.26,0.08,0.08,0.26,0.44,0.06,0.21,0.42,0.26,0.66,0.4,./results/033A39.JPG
242,44,0.58,0.26,0.06,0.06,0.26,0.43,0.06,0.23,0.5,0.26,0.72,0.46,./results/033A44.JPG
243,2,0.59,0.23,0.05,0.05,0.26,0.43,0.06,0.2,0.41,0.23,0.52,0.29,./results/034A02.JPG
244,4,0.61,0.27,0.07,0.07,0.26,0.44,0.06,0.2,0.4,0.27,0.6,0.34,./results/034A04.JPG
245,13,0.64,0.27,0.07,0.07,0.27,0.46,0.07,0.2,0.37,0.27,0.61,0.34,./results/034A13.JPG
246,15,0.64,0.27,0.06,0.06,0.26,0.46,0.07,0.21,0.4,0.27,0.59,0.32,./results/034A15.JPG
247,18,0.63,0.27,0.07,0.07,0.26,0.46,0.07,0.19,0.33,0.27,0.57,0.3,./results/034A18.JPG
248,21,0.62,0.27,0.06,0.06,0.27,0.45,0.07,0.2,0.36,0.27,0.58,0.31,./results/034A21.JPG
249,39,0.57,0.26,0.08,0.08,0.24,0.41,0.06,0.19,0.33,0.26,0.65,0.39,./results/034A39.JPG
250,44,0.6,0.28,0.08,0.08,0.26,0.44,0.07,0.19,0.34,0.28,0.63,0.35,./results/034A44.JPG
251,1,0.6,0.26,0.07,0.07,0.24,0.42,0.07,0.19,0.31,0.26,0.54,0.28,./results/035A01.JPG
252,3,0.6,0.26,0.07,0.07,0.25,0.43,0.06,0.19,0.37,0.26,0.63,0.37,./results/035A03.JPG
253,7,0.61,0.28,0.08,0.08,0.25,0.44,0.07,0.18,0.34,0.28,0.61,0.33,./results/035A07.JPG
254,9,0.62,0.25,0.07,0.07,0.26,0.44,0.07,0.18,0.35,0.25,0.56,0.31,./results/035A09.JPG
255,12,0.61,0.27,0.08,0.08,0.26,0.44,0.07,0.18,0.34,0.27,0.57,0.31,./results/035A12.JPG
256,16,0.62,0.27,0.08,0.08,0.27,0.45,0.07,0.2,0.33,0.27,0.55,0.29,./results/035A16.JPG
257,18,0.61,0.27,0.08,0.08,0.25,0.43,0.07,0.18,0.33,0.27,0.57,0.3,./results/035A18.JPG
258,21,0.61,0.29,0.08,0.08,0.26,0.44,0.06,0.21,0.39,0.29,0.65,0.36,./results/035A21.JPG
259,23,0.59,0.28,0.09,0.09,0.25,0.43,0.06,0.19,0.34,0.28,0.67,0.39,./results/035A23a.JPG
260,23,0.59,0.29,0.09,0.09,0.25,0.43,0.07,0.2,0.37,0.29,0.69,0.4,./results/035A23b.JPG
261,0,0.6,0.3,0.1,0.1,0.25,0.43,0.07,0.15,0.31,0.3,0.75,0.45,./results/036A00.JPG
262,3,0.62,0.26,0.07,0.07,0.26,0.44,0.07,0.19,0.36,0.26,0.6,0.34,./results/036A03.JPG
263,5,0.63,0.25,0.06,0.06,0.27,0.45,0.07,0.2,0.38,0.25,0.55,0.3,./results/036A05.JPG
264,11,0.61,0.28,0.08,0.08,0.26,0.44,0.07,0.18,0.33,0.28,0.6,0.32,./results/036A11.JPG
265,13,0.64,0.28,0.09,0.09,0.26,0.46,0.07,0.17,0.33,0.28,0.65,0.37,./results/036A13.JPG
266,15,0.61,0.3,0.08,0.08,0.25,0.44,0.06,0.19,0.35,0.3,0.65,0.36,./results/036A15.JPG
267,18,0.62,0.24,0.07,0.07,0.26,0.45,0.07,0.19,0.35,0.24,0.52,0.28,./results/036A18.JPG
268,20,0.61,0.31,0.09,0.09,0.27,0.44,0.07,0.19,0.33,0.31,0.71,0.4,./results/036A20.JPG
269,2,0.63,0.25,0.07,0.07,0.26,0.45,0.07,0.18,0.34,0.25,0.54,0.29,./results/037A02.JPG
270,4,0.61,0.28,0.08,0.08,0.26,0.44,0.07,0.18,0.39,0.28,0.68,0.4,./results/037A04.JPG
271,6,0.66,0.24,0.07,0.07,0.27,0.47,0.07,0.19,0.38,0.24,0.57,0.32,./results/037A06.JPG
272,8,0.64,0.24,0.06,0.06,0.27,0.46,0.07,0.19,0.41,0.24,0.57,0.33,./results/037A08.JPG
273,9,0.62,0.24,0.07,0.07,0.25,0.44,0.07,0.18,0.37,0.24,0.56,0.32,./results/037A09.JPG
274,11,0.63,0.29,0.06,0.06,0.27,0.45,0.06,0.21,0.46,0.29,0.69,0.41,./results/037A11.JPG
275,13,0.64,0.25,0.06,0.06,0.26,0.46,0.07,0.19,0.37,0.25,0.53,0.27,./results/037A13.JPG
276,18,0.62,0.3,0.1,0.1,0.26,0.45,0.07,0.2,0.35,0.3,0.7,0.4,./results/037A18.JPG
277,0,0.61,0.28,0.09,0.09,0.26,0.44,0.06,0.18,0.34,0.28,0.64,0.36,./results/038A00.JPG
278,1,0.6,0.25,0.09,0.09,0.25,0.43,0.07,0.16,0.29,0.25,0.6,0.36,./results/038A01.JPG
279,3,0.59,0.25,0.06,0.06,0.25,0.42,0.06,0.2,0.37,0.25,0.56,0.31,./results/038A03.JPG
280,4,0.59,0.23,0.07,0.07,0.25,0.42,0.07,0.18,0.34,0.23,0.54,0.31,./results/038A04.JPG
281,5,0.57,0.28,0.09,0.09,0.23,0.41,0.07,0.16,0.3,0.28,0.68,0.4,./results/038A05.JPG
282,8,0.61,0.27,0.08,0.08,0.25,0.43,0.07,0.17,0.32,0.27,0.58,0.32,./results/038A08.JPG
283,10,0.62,0.22,0.07,0.07,0.25,0.44,0.07,0.17,0.32,0.22,0.48,0.26,./results/038A10.JPG
284,11,0.6,0.23,0.06,0.06,0.25,0.43,0.07,0.19,0.37,0.23,0.5,0.27,./results/038A11.JPG
285,13,0.62,0.24,0.07,0.07,0.25,0.44,0.07,0.19,0.35,0.24,0.55,0.31,./results/038A13.JPG
286,14,0.58,0.25,0.05,0.05,0.25,0.42,0.06,0.2,0.36,0.25,0.54,0.29,./results/038A14.JPG
287,17,0.61,0.28,0.07,0.07,0.26,0.44,0.06,0.22,0.39,0.28,0.63,0.35,./results/038A17.JPG
288,34,0.62,0.28,0.08,0.08,0.26,0.45,0.07,0.2,0.36,0.28,0.62,0.34,./results/038A34.JPG
289,2,0.6,0.23,0.08,0.08,0.25,0.43,0.07,0.16,0.29,0.23,0.56,0.32,./results/039A02.JPG
290,7,0.59,0.26,0.07,0.07,0.25,0.42,0.06,0.2,0.38,0.26,0.61,0.36,./results/039A07.JPG
291,11,0.6,0.28,0.08,0.08,0.25,0.44,0.06,0.17,0.35,0.28,0.63,0.36,./results/039A11.JPG
292,13,0.58,0.26,0.07,0.07,0.25,0.42,0.07,0.18,0.34,0.26,0.58,0.31,./results/039A13.JPG
293,15,0.61,0.25,0.06,0.06,0.25,0.44,0.07,0.19,0.38,0.25,0.55,0.3,./results/039A15.JPG
294,16,0.61,0.26,0.06,0.06,0.26,0.44,0.06,0.2,0.37,0.26,0.56,0.3,./results/039A16.JPG
295,19,0.62,0.26,0.06,0.06,0.27,0.44,0.06,0.21,0.43,0.26,0.59,0.33,./results/039A19.JPG
296,35,0.62,0.26,0.08,0.08,0.26,0.45,0.07,0.2,0.32,0.26,0.58,0.32,./results/039A35.JPG
297,52,0.62,0.24,0.07,0.07,0.26,0.45,0.07,0.2,0.38,0.24,0.57,0.34,./results/039A52.JPG
298,0,0.59,0.27,0.08,0.08,0.25,0.42,0.07,0.16,0.32,0.27,0.64,0.37,./results/040A00.JPG
299,3,0.58,0.21,0.07,0.07,0.24,0.41,0.07,0.15,0.28,0.21,0.49,0.27,./results/040A03b.JPG
300,5,0.6,0.26,0.08,0.08,0.25,0.43,0.07,0.17,0.34,0.26,0.65,0.39,./results/040A05.JPG
301,6,0.59,0.27,0.08,0.08,0.25,0.43,0.06,0.18,0.35,0.27,0.61,0.34,./results/040A06.JPG
302,7,0.61,0.21,0.06,0.06,0.26,0.44,0.06,0.21,0.4,0.21,0.47,0.26,./results/040A07.JPG
303,9,0.59,0.24,0.08,0.08,0.25,0.43,0.06,0.21,0.39,0.24,0.58,0.34,./results/040A09.JPG
304,10,0.59,0.25,0.08,0.08,0.25,0.42,0.06,0.19,0.33,0.25,0.57,0.32,./results/040A10.JPG
305,12,0.6,0.23,0.06,0.06,0.26,0.43,0.06,0.23,0.42,0.23,0.53,0.3,./results/040A12.JPG
306,14,0.59,0.25,0.06,0.06,0.25,0.43,0.06,0.22,0.4,0.25,0.58,0.33,./results/040A14.JPG
307,19,0.63,0.29,0.08,0.08,0.26,0.46,0.07,0.21,0.4,0.29,0.68,0.39,./results/040A19.JPG
308,21,0.6,0.31,0.09,0.09,0.26,0.44,0.07,0.21,0.4,0.31,0.7,0.38,./results/040A21.JPG
309,0,0.63,0.23,0.06,0.06,0.26,0.45,0.07,0.18,0.35,0.23,0.5,0.27,./results/041A00.JPG
310,2,0.61,0.24,0.07,0.07,0.25,0.44,0.07,0.17,0.31,0.24,0.55,0.3,./results/041A02.JPG
311,6,0.63,0.23,0.06,0.06,0.26,0.45,0.07,0.19,0.36,0.23,0.5,0.28,./results/041A06.JPG
312,9,0.6,0.27,0.08,0.08,0.25,0.43,0.07,0.18,0.35,0.27,0.65,0.38,./results/041A09.JPG
313,19,0.63,0.29,0.07,0.07,0.27,0.46,0.07,0.2,0.36,0.29,0.58,0.29,./results/041A19.JPG
314,20,0.63,0.28,0.08,0.08,0.27,0.45,0.07,0.18,0.35,0.28,0.6,0.32,./results/041A20.JPG
315,21,0.63,0.25,0.06,0.06,0.26,0.46,0.07,0.19,0.36,0.25,0.53,0.28,./results/041A21.JPG
316,0,0.58,0.27,0.1,0.1,0.24,0.41,0.06,0.14,0.27,0.27,0.68,0.41,./results/042A00.JPG
317,4,0.58,0.27,0.08,0.08,0.24,0.41,0.06,0.18,0.32,0.27,0.59,0.33,./results/042A04.JPG
318,5,0.62,0.24,0.07,0.07,0.26,0.44,0.07,0.17,0.31,0.24,0.5,0.26,./results/042A05.JPG
319,6,0.6,0.25,0.07,0.07,0.26,0.43,0.06,0.2,0.37,0.25,0.58,0.32,./results/042A06.JPG
320,10,0.61,0.28,0.06,0.06,0.25,0.44,0.07,0.2,0.42,0.28,0.62,0.35,./results/042A10.JPG
321,12,0.63,0.26,0.07,0.07,0.27,0.45,0.07,0.2,0.34,0.26,0.55,0.29,./results/042A12.JPG
322,24,0.59,0.3,0.09,0.09,0.25,0.42,0.06,0.19,0.36,0.3,0.7,0.41,./results/042A24.JPG
323,28,0.57,0.28,0.07,0.07,0.25,0.42,0.06,0.19,0.35,0.28,0.63,0.36,./results/042A28.JPG
324,3,0.62,0.23,0.06,0.06,0.25,0.44,0.07,0.17,0.32,0.23,0.5,0.27,./results/043A03.JPG
325,4,0.6,0.23,0.05,0.05,0.25,0.42,0.07,0.19,0.38,0.23,0.52,0.28,./results/043A04.JPG
326,5,0.6,0.26,0.08,0.08,0.26,0.43,0.06,0.18,0.32,0.26,0.54,0.28,./results/043A05.JPG
327,15,0.59,0.24,0.06,0.06,0.24,0.42,0.07,0.19,0.36,0.24,0.54,0.3,./results/043A15.JPG
328,23,0.58,0.28,0.08,0.08,0.24,0.42,0.06,0.18,0.35,0.28,0.65,0.37,./results/043A23.JPG
329,27,0.59,0.25,0.07,0.07,0.25,0.43,0.07,0.16,0.35,0.25,0.62,0.37,./results/043A27.JPG
330,3,0.62,0.23,0.07,0.07,0.26,0.44,0.07,0.19,0.31,0.23,0.47,0.25,./results/044A03.JPG
331,5,0.6,0.26,0.07,0.07,0.25,0.43,0.07,0.18,0.39,0.26,0.65,0.38,./results/044A05.JPG
332,7,0.6,0.25,0.07,0.07,0.24,0.44,0.07,0.17,0.32,0.25,0.55,0.31,./results/044A07.JPG
333,15,0.61,0.27,0.08,0.08,0.26,0.44,0.07,0.19,0.35,0.27,0.59,0.32,./results/044A15.JPG
334,21,0.59,0.3,0.08,0.08,0.25,0.43,0.07,0.2,0.41,0.3,0.72,0.42,./results/044A21.JPG
335,25,0.56,0.26,0.06,0.06,0.23,0.41,0.06,0.2,0.41,0.26,0.61,0.35,./results/044A25.JPG
336,8,0.59,0.24,0.07,0.07,0.24,0.42,0.07,0.16,0.29,0.24,0.58,0.34,./results/045A08.JPG
337,18,0.62,0.28,0.07,0.07,0.26,0.45,0.07,0.21,0.35,0.28,0.61,0.33,./results/045A18.JPG
338,19,0.62,0.3,0.09,0.09,0.27,0.46,0.07,0.21,0.35,0.3,0.66,0.36,./results/045A19.JPG
339,0,0.61,0.25,0.07,0.07,0.25,0.44,0.07,0.18,0.34,0.25,0.57,0.32,./results/046A00.JPG
340,4,0.62,0.27,0.08,0.08,0.25,0.44,0.07,0.16,0.29,0.27,0.6,0.33,./results/046A04.JPG
341,8,0.6,0.23,0.07,0.07,0.25,0.43,0.07,0.18,0.35,0.23,0.56,0.33,./results/046A08.JPG
342,10,0.62,0.25,0.06,0.06,0.26,0.45,0.07,0.19,0.37,0.25,0.55,0.3,./results/046A10.JPG
343,14,0.64,0.26,0.05,0.05,0.27,0.46,0.07,0.22,0.43,0.26,0.58,0.31,./results/046A14.JPG
344,16,0.62,0.25,0.06,0.06,0.27,0.45,0.07,0.2,0.39,0.25,0.56,0.31,./results/046A16.JPG
345,17,0.64,0.28,0.06,0.06,0.27,0.46,0.07,0.2,0.4,0.28,0.62,0.34,./results/046A17.JPG
346,18,0.64,0.29,0.07,0.07,0.27,0.46,0.07,0.19,0.37,0.29,0.63,0.34,./results/046A18.JPG
347,20,0.62,0.26,0.07,0.07,0.26,0.45,0.07,0.2,0.36,0.26,0.6,0.34,./results/046A20.JPG
348,11,0.62,0.27,0.07,0.07,0.26,0.45,0.06,0.19,0.43,0.27,0.71,0.44,./results/047A11.JPG
349,13,0.62,0.24,0.07,0.07,0.27,0.45,0.06,0.2,0.37,0.24,0.55,0.31,./results/047A13.JPG
350,20,0.62,0.27,0.07,0.07,0.26,0.45,0.07,0.18,0.36,0.27,0.61,0.34,./results/047A20.JPG
351,45,0.6,0.24,0.06,0.06,0.26,0.44,0.06,0.19,0.45,0.24,0.66,0.42,./results/047A45.JPG
352,55,0.62,0.26,0.07,0.07,0.27,0.44,0.06,0.21,0.44,0.26,0.66,0.41,./results/047A55.JPG
353,9,0.6,0.22,0.05,0.05,0.25,0.43,0.06,0.21,0.45,0.22,0.59,0.37,./results/048A09.JPG
354,10,0.61,0.25,0.05,0.05,0.26,0.44,0.07,0.2,0.39,0.25,0.54,0.29,./results/048A10.JPG
355,11,0.57,0.23,0.07,0.07,0.25,0.41,0.06,0.18,0.33,0.23,0.55,0.32,./results/048A11.JPG
356,15,0.64,0.26,0.07,0.07,0.27,0.46,0.07,0.2,0.38,0.26,0.57,0.31,./results/048A15.JPG
357,49,0.6,0.27,0.07,0.07,0.26,0.44,0.06,0.19,0.38,0.27,0.64,0.37,./results/048A49.JPG
358,54,0.59,0.32,0.1,0.1,0.25,0.43,0.06,0.19,0.35,0.32,0.76,0.44,./results/048A54.JPG
359,5,0.6,0.2,0.06,0.06,0.25,0.42,0.06,0.17,0.33,0.2,0.47,0.26,./results/049A05.JPG
360,6,0.64,0.25,0.07,0.07,0.26,0.45,0.07,0.18,0.31,0.25,0.53,0.27,./results/049A06.JPG
361,10,0.62,0.23,0.06,0.06,0.25,0.44,0.07,0.19,0.38,0.23,0.56,0.34,./results/049A10.JPG
362,12,0.62,0.25,0.07,0.07,0.26,0.45,0.06,0.21,0.41,0.25,0.6,0.35,./results/049A12.JPG
363,15,0.63,0.29,0.09,0.09,0.27,0.46,0.07,0.19,0.35,0.29,0.67,0.37,./results/049A15.JPG
364,0,0.61,0.21,0.06,0.06,0.25,0.44,0.07,0.16,0.29,0.21,0.42,0.22,./results/050A00.JPG
365,3,0.64,0.24,0.06,0.06,0.27,0.46,0.07,0.18,0.34,0.24,0.51,0.27,./results/050A03.JPG
366,6,0.6,0.25,0.07,0.07,0.25,0.43,0.06,0.18,0.34,0.25,0.59,0.33,./results/050A06.JPG
367,16,0.69,0.31,0.08,0.08,0.29,0.5,0.08,0.22,0.4,0.31,0.6,0.29,./results/050A16.JPG
368,18,0.6,0.3,0.07,0.07,0.26,0.44,0.06,0.2,0.41,0.3,0.66,0.35,./results/050A18.JPG
369,22,0.6,0.29,0.08,0.08,0.26,0.44,0.07,0.19,0.34,0.29,0.67,0.37,./results/050A22.JPG
370,2,0.62,0.25,0.06,0.06,0.26,0.45,0.06,0.2,0.41,0.25,0.59,0.34,./results/051A02.JPG
371,5,0.61,0.25,0.08,0.08,0.25,0.44,0.07,0.17,0.33,0.25,0.58,0.33,./results/051A05.JPG
372,12,0.61,0.24,0.06,0.06,0.26,0.44,0.07,0.18,0.35,0.24,0.57,0.33,./results/051A12.JPG
373,14,0.6,0.3,0.09,0.09,0.25,0.43,0.07,0.18,0.32,0.3,0.66,0.36,./results/051A14.JPG
374,18,0.6,0.28,0.07,0.07,0.25,0.44,0.07,0.2,0.37,0.28,0.6,0.32,./results/051A18.JPG
375,2,0.61,0.24,0.07,0.07,0.25,0.43,0.07,0.17,0.32,0.24,0.57,0.33,./results/052A02.JPG
376,4,0.64,0.25,0.06,0.06,0.26,0.46,0.07,0.2,0.39,0.25,0.56,0.31,./results/052A04.JPG
377,7,0.62,0.26,0.07,0.07,0.25,0.44,0.07,0.18,0.37,0.26,0.58,0.33,./results/052A07.JPG
378,14,0.62,0.31,0.07,0.07,0.26,0.44,0.06,0.19,0.42,0.31,0.7,0.4,./results/052A14.JPG
379,16,0.63,0.29,0.07,0.07,0.26,0.45,0.07,0.19,0.4,0.29,0.67,0.39,./results/052A16.JPG
380,17,0.58,0.32,0.07,0.07,0.24,0.42,0.06,0.2,0.43,0.32,0.76,0.44,./results/052A17.JPG
381,0,0.56,0.21,0.05,0.05,0.24,0.4,0.06,0.18,0.37,0.21,0.53,0.33,./results/053A00.JPG
382,3,0.6,0.25,0.08,0.08,0.25,0.43,0.07,0.17,0.35,0.25,0.58,0.33,./results/053A03.JPG
383,4,0.59,0.25,0.08,0.08,0.24,0.42,0.07,0.15,0.28,0.25,0.57,0.32,./results/053A04.JPG
384,6,0.59,0.24,0.07,0.07,0.24,0.42,0.07,0.16,0.34,0.24,0.55,0.31,./results/053A06.JPG
385,8,0.6,0.28,0.09,0.09,0.24,0.43,0.07,0.16,0.3,0.28,0.64,0.36,./results/053A08.JPG
386,10,0.61,0.26,0.07,0.07,0.25,0.44,0.07,0.17,0.32,0.26,0.56,0.3,./results/053A10.JPG
387,11,0.6,0.23,0.07,0.07,0.24,0.42,0.07,0.17,0.33,0.23,0.52,0.29,./results/053A11.JPG
388,12,0.59,0.24,0.07,0.07,0.24,0.42,0.07,0.16,0.31,0.24,0.55,0.31,./results/053A12.JPG
389,13,0.58,0.26,0.08,0.08,0.23,0.41,0.06,0.18,0.33,0.26,0.61,0.36,./results/053A13.JPG
390,15,0.59,0.29,0.09,0.09,0.26,0.43,0.06,0.18,0.31,0.29,0.65,0.36,./results/053A15.JPG
391,4,0.6,0.26,0.07,0.07,0.24,0.43,0.07,0.19,0.39,0.26,0.62,0.37,./results/054A04.JPG
392,6,0.62,0.27,0.1,0.1,0.25,0.45,0.07,0.16,0.33,0.27,0.65,0.38,./results/054A06.JPG
393,10,0.57,0.25,0.07,0.07,0.24,0.41,0.06,0.18,0.36,0.25,0.67,0.42,./results/054A10.JPG
394,13,0.58,0.26,0.08,0.08,0.23,0.41,0.06,0.16,0.32,0.26,0.66,0.4,./results/054A13.JPG
395,16,0.61,0.28,0.08,0.08,0.26,0.44,0.06,0.2,0.41,0.28,0.68,0.4,./results/054A16.JPG
396,18,0.59,0.3,0.09,0.09,0.24,0.42,0.07,0.17,0.35,0.3,0.72,0.42,./results/054A18.JPG
397,4,0.59,0.21,0.06,0.06,0.26,0.43,0.06,0.19,0.39,0.21,0.51,0.3,./results/055A04.JPG
398,8,0.6,0.24,0.08,0.08,0.24,0.43,0.06,0.18,0.31,0.24,0.59,0.35,./results/055A08.JPG
399,22,0.62,0.29,0.09,0.09,0.26,0.45,0.07,0.19,0.34,0.29,0.62,0.33,./results/055A22.JPG
400,23,0.61,0.25,0.07,0.07,0.26,0.44,0.07,0.19,0.36,0.25,0.54,0.28,./results/055A23.JPG
401,1,0.61,0.22,0.08,0.08,0.25,0.44,0.07,0.15,0.31,0.22,0.51,0.29,./results/056A01.JPG
402,3,0.6,0.21,0.07,0.07,0.25,0.43,0.07,0.15,0.29,0.21,0.5,0.3,./results/056A03.JPG
403,4,0.64,0.24,0.07,0.07,0.26,0.46,0.08,0.19,0.34,0.24,0.51,0.26,./results/056A04.JPG
404,6,0.62,0.26,0.09,0.09,0.25,0.44,0.07,0.17,0.31,0.26,0.6,0.34,./results/056A06.JPG
405,10,0.62,0.26,0.09,0.09,0.25,0.44,0.07,0.17,0.33,0.26,0.62,0.36,./results/056A10.JPG
406,12,0.6,0.28,0.08,0.08,0.25,0.43,0.07,0.19,0.32,0.28,0.58,0.3,./results/056A12.JPG
407,15,0.61,0.25,0.06,0.06,0.26,0.44,0.06,0.21,0.43,0.25,0.6,0.35,./results/056A15.JPG
408,0,0.6,0.25,0.07,0.07,0.25,0.43,0.06,0.2,0.38,0.25,0.6,0.35,./results/057A00.JPG
409,5,0.61,0.27,0.06,0.06,0.26,0.44,0.07,0.2,0.39,0.27,0.57,0.3,./results/057A05.JPG
410,16,0.6,0.28,0.09,0.09,0.25,0.43,0.06,0.2,0.36,0.28,0.65,0.37,./results/057A16.JPG
411,17,0.59,0.28,0.08,0.08,0.26,0.43,0.06,0.21,0.37,0.28,0.65,0.38,./results/057A17.JPG
412,18,0.6,0.33,0.11,0.11,0.26,0.44,0.06,0.2,0.37,0.33,0.78,0.45,./results/057A18.JPG
413,23,0.63,0.29,0.08,0.08,0.26,0.46,0.07,0.19,0.34,0.29,0.6,0.31,./results/057A23.JPG
414,25,0.6,0.25,0.08,0.08,0.25,0.43,0.07,0.19,0.35,0.25,0.6,0.35,./results/057A25.JPG
415,0,0.59,0.25,0.1,0.1,0.24,0.42,0.06,0.16,0.32,0.25,0.69,0.44,./results/058A00.JPG
416,1,0.62,0.27,0.06,0.06,0.26,0.44,0.07,0.21,0.43,0.27,0.67,0.4,./results/058A01.JPG
417,2,0.62,0.25,0.08,0.08,0.25,0.44,0.07,0.19,0.32,0.25,0.55,0.3,./results/058A02.JPG
418,3,0.64,0.25,0.07,0.07,0.26,0.45,0.07,0.19,0.38,0.25,0.56,0.31,./results/058A03.JPG
419,4,0.59,0.24,0.07,0.07,0.24,0.42,0.06,0.18,0.34,0.24,0.55,0.31,./results/058A04.JPG
420,5,0.62,0.25,0.09,0.09,0.26,0.44,0.07,0.16,0.3,0.25,0.58,0.33,./results/058A05.JPG
421,10,0.64,0.28,0.08,0.08,0.26,0.45,0.07,0.19,0.37,0.28,0.63,0.35,./results/058A10.JPG
422,13,0.61,0.26,0.07,0.07,0.26,0.44,0.06,0.19,0.37,0.26,0.58,0.32,./results/058A13.JPG
423,15,0.61,0.27,0.09,0.09,0.25,0.43,0.06,0.19,0.35,0.27,0.64,0.37,./results/058A15.JPG
424,2,0.62,0.26,0.08,0.08,0.26,0.44,0.07,0.19,0.32,0.26,0.57,0.31,./results/059A02b.JPG
425,3,0.62,0.25,0.07,0.07,0.26,0.44,0.07,0.19,0.4,0.25,0.57,0.31,./results/059A03.JPG
426,4,0.61,0.23,0.06,0.06,0.26,0.44,0.07,0.19,0.41,0.23,0.52,0.3,./results/059A04.JPG
427,6,0.62,0.26,0.08,0.08,0.26,0.44,0.07,0.18,0.31,0.26,0.57,0.31,./results/059A06.JPG
428,7,0.6,0.23,0.07,0.07,0.24,0.42,0.07,0.17,0.31,0.23,0.5,0.28,./results/059A07.JPG
429,12,0.6,0.28,0.09,0.09,0.25,0.43,0.07,0.17,0.32,0.28,0.6,0.33,./results/059A12.JPG
430,16,0.62,0.3,0.09,0.09,0.26,0.44,0.07,0.19,0.36,0.3,0.64,0.35,./results/059A16.JPG
431,2,0.64,0.23,0.06,0.06,0.27,0.46,0.07,0.19,0.38,0.23,0.49,0.26,./results/060A02.JPG
432,4,0.64,0.26,0.07,0.07,0.26,0.45,0.07,0.18,0.37,0.26,0.59,0.33,./results/060A04.JPG
433,6,0.63,0.23,0.06,0.06,0.26,0.45,0.07,0.19,0.35,0.23,0.51,0.28,./results/060A06.JPG
434,8,0.64,0.27,0.07,0.07,0.27,0.46,0.07,0.19,0.45,0.27,0.67,0.4,./results/060A08.JPG
435,12,0.64,0.25,0.06,0.06,0.27,0.46,0.07,0.2,0.43,0.25,0.57,0.32,./results/060A12.JPG
436,20,0.61,0.26,0.06,0.06,0.27,0.44,0.06,0.22,0.45,0.26,0.64,0.39,./results/060A20.JPG
437,4,0.66,0.25,0.08,0.08,0.27,0.47,0.07,0.18,0.32,0.25,0.59,0.33,./results/061A04.JPG
438,6,0.62,0.24,0.06,0.06,0.26,0.45,0.07,0.19,0.42,0.24,0.65,0.41,./results/061A06.JPG
439,17,0.63,0.24,0.07,0.07,0.27,0.46,0.07,0.19,0.41,0.24,0.61,0.37,./results/061A17.JPG
440,18,0.63,0.29,0.07,0.07,0.27,0.46,0.07,0.2,0.43,0.29,0.74,0.44,./results/061A18.JPG
441,19,0.64,0.29,0.09,0.09,0.27,0.46,0.07,0.17,0.35,0.29,0.71,0.42,./results/061A19.JPG
442,25,0.61,0.27,0.06,0.06,0.25,0.44,0.07,0.17,0.4,0.27,0.69,0.43,./results/061A25.JPG
443,26,0.63,0.26,0.07,0.07,0.27,0.45,0.07,0.17,0.37,0.26,0.62,0.37,./results/061A26.JPG
444,29,0.61,0.3,0.09,0.09,0.25,0.44,0.07,0.17,0.34,0.3,0.74,0.44,./results/061A29.JPG
445,32,0.64,0.26,0.07,0.07,0.27,0.46,0.07,0.17,0.36,0.26,0.63,0.37,./results/061A32.JPG
446,3,0.61,0.24,0.08,0.08,0.25,0.44,0.07,0.17,0.31,0.24,0.51,0.28,./results/062A03.JPG
447,15,0.66,0.35,0.09,0.09,0.28,0.48,0.07,0.23,0.43,0.35,0.8,0.45,./results/062A15.JPG
448,16,0.6,0.25,0.08,0.08,0.25,0.44,0.06,0.17,0.33,0.25,0.62,0.38,./results/062A16.JPG
449,35,0.61,0.24,0.05,0.05,0.26,0.44,0.06,0.2,0.45,0.24,0.59,0.35,./results/062A35.JPG
450,38,0.6,0.24,0.07,0.07,0.25,0.43,0.07,0.18,0.37,0.24,0.63,0.39,./results/062A38.JPG
451,54,0.61,0.27,0.08,0.08,0.26,0.44,0.06,0.18,0.37,0.27,0.67,0.41,./results/062A54.JPG
452,0,0.62,0.26,0.09,0.09,0.25,0.44,0.07,0.17,0.3,0.26,0.58,0.32,./results/063A00.JPG
453,2,0.6,0.24,0.08,0.08,0.25,0.43,0.08,0.16,0.28,0.24,0.56,0.32,./results/063A02.JPG
454,25,0.59,0.27,0.09,0.09,0.25,0.42,0.07,0.18,0.33,0.27,0.62,0.34,./results/063A25.JPG
455,1,0.57,0.23,0.07,0.07,0.24,0.4,0.06,0.17,0.31,0.23,0.55,0.32,./results/064A01.JPG
456,4,0.56,0.22,0.06,0.06,0.24,0.4,0.06,0.19,0.36,0.22,0.54,0.32,./results/064A04.JPG
457,10,0.62,0.28,0.09,0.09,0.26,0.45,0.07,0.2,0.39,0.28,0.69,0.41,./results/064A10.JPG
458,3,0.63,0.31,0.09,0.09,0.26,0.45,0.07,0.17,0.34,0.31,0.72,0.41,./results/065A03a.JPG
459,3,0.63,0.23,0.05,0.05,0.25,0.45,0.07,0.19,0.43,0.23,0.59,0.36,./results/065A03b.JPG
460,4,0.66,0.28,0.08,0.08,0.27,0.47,0.08,0.18,0.34,0.28,0.56,0.28,./results/065A04.JPG
461,6,0.63,0.29,0.08,0.08,0.26,0.45,0.07,0.18,0.39,0.29,0.69,0.4,./results/065A06a.JPG
462,7,0.67,0.31,0.08,0.08,0.27,0.48,0.08,0.18,0.36,0.31,0.7,0.39,./results/065A07a.JPG
463,7,0.66,0.25,0.05,0.05,0.27,0.47,0.07,0.21,0.47,0.25,0.58,0.32,./results/065A07b.JPG
464,8,0.6,0.28,0.07,0.07,0.25,0.43,0.07,0.19,0.35,0.28,0.61,0.33,./results/065A08.JPG
465,11,0.64,0.31,0.07,0.07,0.27,0.46,0.07,0.22,0.42,0.31,0.65,0.34,./results/065A11.JPG
466,12,0.66,0.31,0.06,0.06,0.27,0.48,0.07,0.22,0.43,0.31,0.58,0.27,./results/065A12.JPG
467,2,0.63,0.29,0.1,0.1,0.25,0.44,0.07,0.16,0.3,0.29,0.7,0.4,./results/066A02a.JPG
468,6,0.63,0.26,0.07,0.07,0.25,0.45,0.07,0.18,0.39,0.26,0.59,0.33,./results/066A06a.JPG
469,6,0.65,0.35,0.11,0.11,0.26,0.46,0.08,0.17,0.32,0.35,0.8,0.45,./results/066A06b.JPG
470,7,0.6,0.24,0.08,0.08,0.25,0.43,0.07,0.16,0.3,0.24,0.56,0.31,./results/066A07.JPG
471,8,0.66,0.26,0.08,0.08,0.26,0.48,0.08,0.18,0.34,0.26,0.58,0.32,./results/066A08.JPG
472,9,0.64,0.27,0.08,0.08,0.26,0.46,0.07,0.18,0.35,0.27,0.61,0.34,./results/066A09.JPG
473,10,0.61,0.3,0.08,0.08,0.25,0.44,0.07,0.2,0.39,0.3,0.66,0.36,./results/066A10.JPG
474,11,0.62,0.29,0.09,0.09,0.25,0.45,0.07,0.18,0.35,0.29,0.73,0.43,./results/066A11.JPG
475,4,0.61,0.23,0.07,0.07,0.25,0.43,0.07,0.16,0.33,0.23,0.53,0.31,./results/067A04.JPG
476,26,0.61,0.31,0.06,0.06,0.26,0.44,0.07,0.2,0.43,0.31,0.76,0.45,./results/067A26.JPG
477,30,0.64,0.28,0.04,0.04,0.27,0.46,0.07,0.22,0.52,0.28,0.67,0.39,./results/067A30.JPG
478,0,0.62,0.22,0.06,0.06,0.26,0.44,0.07,0.19,0.38,0.22,0.48,0.26,./results/068A00.JPG
479,3,0.62,0.22,0.06,0.06,0.25,0.44,0.07,0.17,0.36,0.22,0.52,0.3,./results/068A03.JPG
480,9,0.6,0.31,0.08,0.08,0.25,0.43,0.06,0.19,0.35,0.31,0.67,0.36,./results/068A09.JPG
481,10,0.61,0.28,0.08,0.08,0.26,0.44,0.06,0.2,0.42,0.28,0.7,0.43,./results/068A10a.JPG
482,10,0.66,0.26,0.07,0.07,0.27,0.47,0.08,0.19,0.38,0.26,0.53,0.27,./results/068A10b.JPG
483,12,0.64,0.32,0.08,0.08,0.26,0.46,0.07,0.2,0.4,0.32,0.71,0.39,./results/068A12.JPG
484,14,0.63,0.28,0.06,0.06,0.27,0.46,0.07,0.21,0.42,0.28,0.57,0.29,./results/068A14.JPG
485,0,0.58,0.27,0.07,0.07,0.24,0.41,0.06,0.17,0.31,0.27,0.64,0.37,./results/069A00.JPG
486,2,0.61,0.27,0.07,0.07,0.25,0.44,0.07,0.17,0.33,0.27,0.62,0.35,./results/069A02.JPG
487,3,0.61,0.22,0.07,0.07,0.25,0.43,0.07,0.15,0.3,0.22,0.52,0.29,./results/069A03.JPG
488,5,0.62,0.26,0.08,0.08,0.25,0.44,0.07,0.17,0.3,0.26,0.59,0.33,./results/069A05.JPG
489,6,0.63,0.25,0.08,0.08,0.25,0.45,0.07,0.18,0.37,0.25,0.6,0.34,./results/069A06.JPG
490,7,0.61,0.24,0.08,0.08,0.25,0.43,0.07,0.17,0.35,0.24,0.58,0.34,./results/069A07.JPG
491,11,0.6,0.29,0.08,0.08,0.25,0.43,0.07,0.19,0.35,0.29,0.65,0.36,./results/069A11.JPG
492,13,0.62,0.29,0.09,0.09,0.26,0.45,0.07,0.18,0.34,0.29,0.66,0.36,./results/069A13.JPG
493,3,0.66,0.25,0.05,0.05,0.27,0.47,0.07,0.2,0.4,0.25,0.54,0.29,./results/070A03.JPG
494,6,0.68,0.24,0.07,0.07,0.27,0.49,0.08,0.19,0.39,0.24,0.56,0.33,./results/070A06.JPG
495,7,0.62,0.25,0.07,0.07,0.26,0.44,0.07,0.19,0.4,0.25,0.59,0.34,./results/070A07.JPG
496,8,0.66,0.25,0.05,0.05,0.27,0.47,0.07,0.19,0.38,0.25,0.52,0.26,./results/070A08.JPG
497,10,0.61,0.3,0.09,0.09,0.26,0.44,0.06,0.2,0.36,0.3,0.74,0.44,./results/071A10.JPG
498,18,0.61,0.28,0.09,0.09,0.27,0.45,0.07,0.21,0.4,0.28,0.69,0.41,./results/071A18.JPG
499,22,0.61,0.24,0.08,0.08,0.27,0.45,0.07,0.19,0.34,0.24,0.57,0.32,./results/071A22.JPG
500,23,0.59,0.24,0.08,0.08,0.26,0.43,0.06,0.2,0.34,0.24,0.55,0.31,./results/071A23.JPG
501,24,0.58,0.26,0.08,0.08,0.26,0.43,0.06,0.22,0.44,0.26,0.67,0.4,./results/071A24.JPG
502,27,0.59,0.24,0.06,0.06,0.26,0.43,0.06,0.2,0.38,0.24,0.52,0.28,./results/071A27.JPG
503,35,0.63,0.31,0.07,0.07,0.26,0.45,0.07,0.2,0.46,0.31,0.83,0.51,./results/071A35.JPG
504,42,0.6,0.25,0.07,0.07,0.26,0.44,0.06,0.19,0.34,0.25,0.55,0.3,./results/071A42.JPG
505,43,0.59,0.25,0.06,0.06,0.26,0.43,0.06,0.21,0.42,0.25,0.55,0.31,./results/071A43.JPG
506,45,0.61,0.24,0.08,0.08,0.26,0.44,0.06,0.2,0.36,0.24,0.56,0.32,./results/071A45.JPG
507,2,0.59,0.23,0.07,0.07,0.24,0.42,0.07,0.17,0.31,0.23,0.51,0.28,./results/072A02.JPG
508,7,0.61,0.26,0.07,0.07,0.24,0.44,0.07,0.17,0.33,0.26,0.56,0.3,./results/072A07.JPG
509,11,0.6,0.32,0.07,0.07,0.24,0.43,0.06,0.19,0.39,0.32,0.75,0.43,./results/072A11.JPG
510,13,0.59,0.31,0.07,0.07,0.25,0.43,0.07,0.18,0.31,0.31,0.61,0.31,./results/072A13.JPG
511,14,0.62,0.29,0.07,0.07,0.26,0.44,0.07,0.19,0.36,0.29,0.6,0.3,./results/072A14.JPG
512,17,0.6,0.29,0.07,0.07,0.25,0.43,0.07,0.19,0.34,0.29,0.61,0.32,./results/072A17.JPG
513,19,0.62,0.32,0.08,0.08,0.25,0.44,0.07,0.18,0.34,0.32,0.68,0.36,./results/072A19.JPG
514,21,0.6,0.3,0.05,0.05,0.25,0.43,0.06,0.23,0.46,0.3,0.66,0.36,./results/072A21.JPG
515,25,0.61,0.26,0.06,0.06,0.25,0.44,0.07,0.18,0.35,0.26,0.53,0.27,./results/072A25.JPG
516,27,0.61,0.25,0.06,0.06,0.26,0.44,0.07,0.19,0.4,0.25,0.57,0.32,./results/072A27.JPG
517,29,0.57,0.3,0.06,0.06,0.24,0.41,0.06,0.19,0.37,0.3,0.66,0.36,./results/072A29.JPG
518,41,0.59,0.29,0.06,0.06,0.24,0.42,0.06,0.2,0.38,0.29,0.64,0.34,./results/072A41.JPG
519,45,0.59,0.33,0.07,0.07,0.25,0.43,0.06,0.21,0.43,0.33,0.76,0.43,./results/072A45.JPG
520,0,0.6,0.24,0.08,0.08,0.24,0.43,0.07,0.15,0.3,0.24,0.57,0.34,./results/073A00.JPG
521,1,0.63,0.23,0.07,0.07,0.26,0.45,0.07,0.18,0.33,0.23,0.51,0.28,./results/073A01.JPG
522,2,0.63,0.21,0.05,0.05,0.26,0.45,0.07,0.18,0.4,0.21,0.53,0.31,./results/073A02.JPG
523,3,0.64,0.22,0.07,0.07,0.26,0.45,0.07,0.16,0.3,0.22,0.5,0.28,./results/073A03.JPG
524,4,0.64,0.25,0.07,0.07,0.26,0.45,0.07,0.17,0.35,0.25,0.57,0.32,./results/073A04.JPG
525,5,0.64,0.25,0.08,0.08,0.26,0.46,0.07,0.17,0.31,0.25,0.55,0.29,./results/073A05.JPG
526,6,0.63,0.21,0.06,0.06,0.25,0.45,0.07,0.17,0.35,0.21,0.49,0.28,./results/073A06.JPG
527,7,0.62,0.22,0.04,0.04,0.26,0.45,0.07,0.18,0.4,0.22,0.46,0.25,./results/073A07.JPG
528,8,0.63,0.28,0.06,0.06,0.26,0.45,0.07,0.18,0.4,0.28,0.63,0.36,./results/073A08.JPG
529,9,0.64,0.27,0.06,0.06,0.26,0.45,0.07,0.19,0.38,0.27,0.58,0.31,./results/073A09.JPG
530,12,0.62,0.31,0.07,0.07,0.26,0.45,0.07,0.2,0.4,0.31,0.66,0.35,./results/073A12.JPG
531,13,0.63,0.27,0.06,0.06,0.27,0.46,0.07,0.19,0.37,0.27,0.57,0.3,./results/073A13.JPG
532,14,0.63,0.29,0.05,0.05,0.26,0.45,0.07,0.21,0.46,0.29,0.63,0.34,./results/073A14.JPG
533,15,0.62,0.29,0.09,0.09,0.26,0.44,0.07,0.18,0.36,0.29,0.73,0.44,./results/073A15.JPG
534,0,0.59,0.2,0.06,0.06,0.25,0.42,0.06,0.18,0.33,0.2,0.5,0.31,./results/074A00.JPG
535,1,0.61,0.22,0.07,0.07,0.25,0.43,0.07,0.16,0.3,0.22,0.52,0.3,./results/074A01.JPG
536,2,0.64,0.21,0.06,0.06,0.26,0.45,0.07,0.18,0.37,0.21,0.5,0.29,./results/074A02.JPG
537,4,0.61,0.19,0.05,0.05,0.25,0.43,0.07,0.17,0.3,0.19,0.38,0.19,./results/074A04.JPG
538,5,0.64,0.22,0.07,0.07,0.27,0.46,0.08,0.16,0.3,0.22,0.49,0.27,./results/074A05.JPG
539,6,0.63,0.25,0.08,0.08,0.26,0.45,0.07,0.17,0.31,0.25,0.53,0.28,./results/074A06.JPG
540,7,0.63,0.23,0.06,0.06,0.27,0.45,0.07,0.2,0.41,0.23,0.56,0.33,./results/074A07.JPG
541,8,0.64,0.24,0.08,0.08,0.26,0.45,0.07,0.16,0.31,0.24,0.54,0.3,./results/074A08.JPG
542,9,0.62,0.25,0.08,0.08,0.25,0.44,0.07,0.17,0.32,0.25,0.55,0.3,./results/074A09.JPG
543,10,0.62,0.25,0.08,0.08,0.26,0.44,0.07,0.17,0.31,0.25,0.58,0.32,./results/074A10.JPG
544,11,0.64,0.25,0.06,0.06,0.27,0.46,0.07,0.19,0.36,0.25,0.54,0.29,./results/074A11.JPG
545,13,0.6,0.26,0.08,0.08,0.26,0.43,0.07,0.18,0.33,0.26,0.56,0.3,./results/074A13.JPG
546,14,0.61,0.25,0.06,0.06,0.26,0.44,0.07,0.21,0.42,0.25,0.62,0.37,./results/074A14.JPG
547,15,0.61,0.28,0.1,0.1,0.26,0.44,0.07,0.17,0.32,0.28,0.69,0.41,./results/074A15.JPG
548,1,0.59,0.21,0.07,0.07,0.24,0.42,0.07,0.16,0.3,0.21,0.5,0.29,./results/075A01.JPG
549,2,0.62,0.22,0.07,0.07,0.25,0.44,0.07,0.16,0.3,0.22,0.51,0.3,./results/075A02.JPG
550,3,0.61,0.38,0.08,0.08,0.26,0.44,0.06,0.21,0.45,0.38,0.87,0.49,./results/075A03.JPG
551,5,0.61,0.26,0.07,0.07,0.25,0.44,0.06,0.17,0.39,0.26,0.62,0.35,./results/075A05.JPG
552,6,0.61,0.23,0.07,0.07,0.25,0.43,0.07,0.17,0.35,0.23,0.53,0.3,./results/075A06.JPG
553,7,0.62,0.24,0.06,0.06,0.26,0.44,0.07,0.19,0.39,0.24,0.53,0.29,./results/075A07.JPG
554,8,0.62,0.25,0.06,0.06,0.26,0.45,0.07,0.2,0.37,0.25,0.55,0.29,./results/075A08.JPG
555,11,0.59,0.28,0.06,0.06,0.25,0.42,0.06,0.19,0.42,0.28,0.67,0.39,./results/075A11.JPG
556,5,0.66,0.23,0.05,0.05,0.28,0.47,0.07,0.2,0.4,0.23,0.53,0.29,./results/076A05.JPG
557,6,0.65,0.26,0.05,0.05,0.27,0.46,0.07,0.21,0.41,0.26,0.57,0.3,./results/076A06.JPG
558,7,0.67,0.26,0.06,0.06,0.28,0.48,0.07,0.21,0.41,0.26,0.6,0.34,./results/076A07.JPG
559,8,0.63,0.28,0.06,0.06,0.26,0.45,0.07,0.21,0.38,0.28,0.64,0.36,./results/076A08.JPG
560,9,0.65,0.27,0.04,0.04,0.27,0.47,0.06,0.23,0.48,0.27,0.56,0.29,./results/076A09.JPG
561,10,0.66,0.28,0.05,0.05,0.27,0.47,0.06,0.22,0.44,0.28,0.61,0.34,./results/076A10.JPG
562,11,0.65,0.29,0.05,0.05,0.27,0.47,0.07,0.22,0.45,0.29,0.65,0.36,./results/076A11.JPG
563,12,0.64,0.27,0.07,0.07,0.26,0.46,0.07,0.18,0.35,0.27,0.58,0.32,./results/076A12.JPG
564,13,0.63,0.25,0.05,0.05,0.27,0.45,0.07,0.21,0.41,0.25,0.53,0.28,./results/076A13.JPG
565,14,0.67,0.27,0.05,0.05,0.27,0.48,0.07,0.22,0.46,0.27,0.64,0.37,./results/076A14.JPG
566,16,0.68,0.3,0.05,0.05,0.28,0.49,0.07,0.21,0.43,0.3,0.66,0.36,./results/076A16.JPG
567,17,0.64,0.25,0.05,0.05,0.27,0.46,0.06,0.21,0.45,0.25,0.58,0.32,./results/076A17.JPG
568,1,0.63,0.22,0.04,0.04,0.27,0.45,0.06,0.22,0.43,0.22,0.53,0.3,./results/077A01.JPG
569,2,0.61,0.22,0.05,0.05,0.26,0.44,0.06,0.2,0.39,0.22,0.51,0.29,./results/077A02.JPG
570,3,0.64,0.28,0.08,0.08,0.26,0.46,0.08,0.16,0.31,0.28,0.56,0.28,./results/077A03.JPG
571,6,0.61,0.27,0.06,0.06,0.25,0.44,0.06,0.19,0.39,0.27,0.58,0.32,./results/077A06.JPG
572,7,0.63,0.38,0.07,0.07,0.27,0.45,0.06,0.21,0.47,0.38,0.84,0.46,./results/077A07.JPG
573,8,0.62,0.26,0.04,0.04,0.26,0.44,0.07,0.2,0.44,0.26,0.57,0.31,./results/077A08.JPG
574,9,0.64,0.27,0.05,0.05,0.27,0.46,0.07,0.22,0.44,0.27,0.57,0.3,./results/077A09.JPG
575,10,0.61,0.28,0.06,0.06,0.26,0.44,0.06,0.19,0.37,0.28,0.61,0.33,./results/077A10.JPG
576,11,0.63,0.26,0.06,0.06,0.27,0.46,0.06,0.22,0.48,0.26,0.62,0.35,./results/077A11.JPG
577,12,0.6,0.24,0.04,0.04,0.25,0.43,0.07,0.22,0.39,0.24,0.5,0.26,./results/077A12.JPG
578,13,0.63,0.3,0.07,0.07,0.27,0.45,0.07,0.19,0.37,0.3,0.65,0.35,./results/077A13.JPG
579,14,0.62,0.25,0.06,0.06,0.27,0.45,0.06,0.2,0.43,0.25,0.58,0.33,./results/077A14.JPG
580,15,0.63,0.34,0.08,0.08,0.27,0.46,0.07,0.2,0.37,0.34,0.7,0.37,./results/077A15.JPG
581,1,0.59,0.26,0.08,0.08,0.25,0.42,0.06,0.18,0.35,0.26,0.62,0.36,./results/078A01.JPG
582,2,0.6,0.23,0.05,0.05,0.26,0.43,0.06,0.19,0.43,0.23,0.56,0.33,./results/078A02.JPG
583,3,0.6,0.24,0.05,0.05,0.26,0.43,0.06,0.21,0.41,0.24,0.55,0.32,./results/078A03.JPG
584,5,0.68,0.28,0.07,0.07,0.29,0.49,0.08,0.2,0.38,0.28,0.56,0.28,./results/078A05.JPG
585,6,0.63,0.23,0.06,0.06,0.26,0.45,0.07,0.21,0.47,0.23,0.62,0.39,./results/078A06.JPG
586,8,0.63,0.28,0.08,0.08,0.27,0.45,0.07,0.2,0.37,0.28,0.67,0.39,./results/078A08.JPG
587,10,0.63,0.31,0.09,0.09,0.26,0.45,0.07,0.2,0.35,0.31,0.68,0.38,./results/078A10.JPG
588,12,0.61,0.28,0.07,0.07,0.26,0.44,0.07,0.19,0.35,0.28,0.62,0.34,./results/078A12.JPG
589,0,0.62,0.22,0.07,0.07,0.25,0.44,0.07,0.16,0.32,0.22,0.51,0.29,./results/079A00.JPG
590,3,0.64,0.28,0.08,0.08,0.27,0.45,0.07,0.2,0.4,0.28,0.63,0.36,./results/079A03.JPG
591,4,0.62,0.27,0.07,0.07,0.26,0.45,0.07,0.18,0.35,0.27,0.56,0.29,./results/079A04.JPG
592,6,0.61,0.28,0.08,0.08,0.25,0.44,0.07,0.18,0.37,0.28,0.64,0.36,./results/079A06.JPG
593,7,0.64,0.29,0.07,0.07,0.27,0.46,0.07,0.2,0.41,0.29,0.65,0.36,./results/079A07.JPG
594,9,0.67,0.31,0.08,0.08,0.28,0.48,0.07,0.19,0.37,0.31,0.66,0.34,./results/079A09.JPG
595,10,0.63,0.23,0.05,0.05,0.27,0.46,0.07,0.2,0.41,0.23,0.48,0.25,./results/079A10.JPG
596,11,0.68,0.29,0.08,0.08,0.28,0.49,0.08,0.2,0.37,0.29,0.59,0.3,./results/079A11.JPG
597,12,0.62,0.29,0.07,0.07,0.26,0.45,0.07,0.19,0.4,0.29,0.67,0.38,./results/079A12.JPG
598,13,0.62,0.26,0.05,0.05,0.25,0.44,0.06,0.22,0.44,0.26,0.59,0.33,./results/079A13.JPG
599,0,0.6,0.28,0.1,0.1,0.25,0.44,0.07,0.2,0.33,0.28,0.69,0.4,./results/080A00.JPG
600,1,0.59,0.23,0.06,0.06,0.24,0.42,0.07,0.16,0.37,0.23,0.55,0.33,./results/080A01.JPG
601,2,0.59,0.22,0.06,0.06,0.24,0.42,0.06,0.17,0.38,0.22,0.54,0.32,./results/080A02.JPG
602,4,0.62,0.24,0.05,0.05,0.26,0.44,0.07,0.19,0.45,0.24,0.57,0.33,./results/080A04.JPG
603,5,0.64,0.29,0.08,0.08,0.26,0.45,0.07,0.17,0.35,0.29,0.66,0.38,./results/080A05.JPG
604,6,0.59,0.24,0.06,0.06,0.24,0.42,0.06,0.18,0.4,0.24,0.55,0.31,./results/080A06.JPG
605,8,0.6,0.24,0.05,0.05,0.25,0.43,0.06,0.2,0.46,0.24,0.59,0.35,./results/080A08.JPG
606,9,0.63,0.26,0.05,0.05,0.26,0.45,0.06,0.19,0.46,0.26,0.6,0.34,./results/080A09.JPG
607,10,0.62,0.26,0.07,0.07,0.25,0.44,0.07,0.17,0.36,0.26,0.6,0.35,./results/080A10.JPG
608,12,0.62,0.27,0.07,0.07,0.26,0.44,0.06,0.19,0.42,0.27,0.65,0.38,./results/080A12.JPG
609,14,0.6,0.27,0.08,0.08,0.24,0.43,0.06,0.17,0.36,0.27,0.66,0.39,./results/080A14.JPG
610,0,0.61,0.21,0.05,0.05,0.25,0.43,0.06,0.19,0.41,0.21,0.52,0.32,./results/081A00.JPG
611,3,0.6,0.26,0.07,0.07,0.24,0.42,0.07,0.16,0.33,0.26,0.6,0.34,./results/081A03.JPG
612,5,0.61,0.23,0.08,0.08,0.25,0.43,0.07,0.16,0.34,0.23,0.57,0.35,./results/081A05.JPG
613,6,0.6,0.24,0.07,0.07,0.24,0.43,0.07,0.17,0.33,0.24,0.6,0.36,./results/081A06.JPG
614,7,0.63,0.25,0.09,0.09,0.25,0.45,0.07,0.18,0.38,0.25,0.63,0.38,./results/081A07.JPG
615,8,0.64,0.27,0.08,0.08,0.26,0.46,0.07,0.18,0.34,0.27,0.63,0.35,./results/081A08.JPG
616,10,0.63,0.27,0.07,0.07,0.26,0.45,0.07,0.19,0.39,0.27,0.64,0.37,./results/081A10.JPG
617,11,0.62,0.25,0.08,0.08,0.25,0.44,0.07,0.18,0.37,0.25,0.63,0.38,./results/081A11.JPG
618,12,0.63,0.26,0.07,0.07,0.26,0.45,0.07,0.18,0.34,0.26,0.6,0.33,./results/081A12.JPG
619,0,0.6,0.24,0.07,0.07,0.25,0.43,0.06,0.2,0.36,0.24,0.56,0.32,./results/082A00.JPG
620,3,0.62,0.24,0.08,0.08,0.25,0.44,0.07,0.16,0.31,0.24,0.55,0.3,./results/082A03.JPG
621,18,0.59,0.23,0.05,0.05,0.26,0.43,0.06,0.22,0.43,0.23,0.55,0.32,./results/082A18.JPG
622,20,0.61,0.25,0.06,0.06,0.26,0.45,0.07,0.22,0.45,0.25,0.6,0.35,./results/082A20.JPG
623,22,0.6,0.28,0.06,0.06,0.25,0.43,0.06,0.22,0.41,0.28,0.63,0.36,./results/082A22.JPG
