id,u_id,date,f1,f2,f3,f4,f5,Age
1,6,2019-07-01 00:00:00,26,82,44,9,11,51
2,6,2019-07-01 00:00:00,38,89,30,22,41,17
3,8,2019-07-01 00:00:00,23,4,96,81,1,67
4,8,2019-07-01 00:00:00,31,73,28,88,98,36
5,8,2019-07-01 00:00:00,27,1,19,29,91,77
6,1,2019-07-01 00:00:00,42,27,21,6,2,77
7,2,2019-07-01 00:00:00,41,57,65,23,42,90
8,3,2019-07-01 00:00:00,54,67,36,68,13,58
9,1,2019-07-01 00:00:00,24,88,88,41,54,16
10,10,2019-07-01 00:00:00,64,12,46,98,78,21
11,9,2019-07-01 00:00:00,20,68,92,80,47,74
12,8,2019-07-01 00:00:00,91,81,64,16,38,85
13,6,2019-07-01 00:00:00,43,77,27,75,13,68
14,4,2019-07-01 00:00:00,43,7,12,24,5,7
15,7,2019-07-01 00:00:00,82,22,12,14,51,28
16,10,2019-07-01 00:00:00,10,25,48,76,76,59
17,9,2019-07-01 00:00:00,3,85,13,45,50,46
18,6,2019-07-01 00:00:00,94,14,70,73,100,96
19,4,2019-07-01 00:00:00,75,72,86,22,29,13
20,5,2019-07-01 00:00:00,80,79,99,23,48,69
21,3,2019-07-01 00:00:00,72,87,38,97,24,45
22,9,2019-07-01 00:00:00,33,98,21,85,93,41
23,4,2019-07-01 00:00:00,6,84,71,17,78,23
24,2,2019-07-01 00:00:00,77,16,42,88,38,27
25,2,2019-07-01 00:00:00,20,60,57,83,1,43
26,7,2019-07-01 00:00:00,98,3,22,64,67,65
27,10,2019-07-01 00:00:00,50,95,62,95,55,29
28,5,2019-07-01 00:00:00,29,37,11,96,100,54
29,1,2019-07-01 00:00:00,98,86,70,7,8,41
30,7,2019-07-01 00:00:00,50,29,38,44,70,87
31,1,2019-07-01 00:00:00,43,66,99,36,62,49
32,4,2019-07-01 00:00:00,96,61,65,52,78,13
33,6,2019-07-01 00:00:00,47,31,27,26,17,19
34,6,2019-07-01 00:00:00,31,88,17,21,36,55
35,2,2019-07-01 00:00:00,42,3,31,78,54,39
36,2,2019-07-01 00:00:00,1,38,21,68,23,73
37,8,2019-07-01 00:00:00,64,5,36,18,53,62
38,6,2019-07-01 00:00:00,79,43,16,22,20,25
39,1,2019-07-01 00:00:00,31,10,21,19,29,34
40,6,2019-07-01 00:00:00,7,69,23,66,48,96
41,6,2019-07-01 00:00:00,21,79,24,77,4,33
42,3,2019-07-01 00:00:00,54,1,100,52,73,71
43,4,2019-07-01 00:00:00,90,51,43,15,22,39
44,3,2019-07-01 00:00:00,75,15,7,67,66,72
45,6,2019-07-01 00:00:00,16,75,23,67,90,81
46,9,2019-07-01 00:00:00,43,25,76,98,4,32
47,3,2019-07-01 00:00:00,24,91,62,25,25,91
48,7,2019-07-01 00:00:00,67,45,73,84,72,17
49,7,2019-07-01 00:00:00,99,70,100,73,40,65
50,5,2019-07-01 00:00:00,27,66,25,4,94,83
51,10,2019-07-01 00:00:00,88,30,34,32,81,28
52,3,2019-07-01 00:00:00,90,26,51,48,72,24
53,8,2019-07-01 00:00:00,92,26,90,74,31,34
54,3,2019-07-01 00:00:00,95,97,40,64,16,33
55,4,2019-07-01 00:00:00,43,29,42,66,13,11
56,6,2019-07-01 00:00:00,88,28,73,32,69,43
57,9,2019-07-01 00:00:00,49,56,10,44,7,26
58,4,2019-07-01 00:00:00,55,15,21,56,93,99
59,10,2019-07-01 00:00:00,48,87,55,76,3,2
60,2,2019-07-01 00:00:00,70,95,76,34,4,43
61,3,2019-07-01 00:00:00,13,4,28,16,73,74
62,4,2019-07-01 00:00:00,42,17,95,30,52,10
63,2,2019-07-01 00:00:00,48,83,37,88,69,63
64,8,2019-07-01 00:00:00,28,89,30,38,71,75
65,10,2019-07-01 00:00:00,82,45,21,92,34,72
66,9,2019-07-01 00:00:00,88,72,100,74,80,40
67,4,2019-07-01 00:00:00,48,66,54,78,19,76
68,5,2019-07-01 00:00:00,56,9,69,15,99,34
69,1,2019-07-01 00:00:00,34,19,62,99,76,64
70,8,2019-07-01 00:00:00,81,66,14,61,7,84
71,2,2019-07-01 00:00:00,66,34,45,32,50,62
72,3,2019-07-01 00:00:00,50,58,38,49,30,90
73,2,2019-07-01 00:00:00,38,86,89,66,94,55
74,4,2019-07-01 00:00:00,92,73,82,86,12,76
75,8,2019-07-01 00:00:00,41,54,32,77,12,74
76,1,2019-07-01 00:00:00,9,66,49,53,50,55
77,2,2019-07-01 00:00:00,14,78,59,59,64,74
78,10,2019-07-01 00:00:00,17,91,59,48,77,16
79,4,2019-07-01 00:00:00,61,67,35,86,4,84
80,6,2019-07-01 00:00:00,68,11,39,93,90,85
81,7,2019-07-01 00:00:00,84,37,86,36,60,93
82,5,2019-07-01 00:00:00,53,91,71,39,32,89
83,7,2019-07-01 00:00:00,35,6,39,59,33,27
84,4,2019-07-01 00:00:00,31,11,22,100,56,100
85,7,2019-07-01 00:00:00,65,14,85,2,69,9
86,4,2019-07-01 00:00:00,22,60,84,40,80,20
87,7,2019-07-01 00:00:00,32,42,57,75,24,67
88,3,2019-07-01 00:00:00,54,68,10,13,43,38
89,5,2019-07-01 00:00:00,9,92,9,73,8,14
90,5,2019-07-01 00:00:00,23,74,51,52,58,53
91,7,2019-07-01 00:00:00,6,71,74,84,81,56
92,6,2019-07-01 00:00:00,96,80,61,61,32,8
93,6,2019-07-01 00:00:00,70,79,23,7,81,8
94,7,2019-07-01 00:00:00,13,21,39,69,92,100
95,7,2019-07-01 00:00:00,3,47,83,80,50,52
96,4,2019-07-01 00:00:00,99,93,61,22,37,39
97,10,2019-07-01 00:00:00,28,59,39,66,42,32
98,6,2019-07-01 00:00:00,69,19,20,52,45,64
99,1,2019-07-01 00:00:00,5,47,98,97,41,84
100,8,2019-07-01 00:00:00,46,39,58,37,13,78
101,4,2019-07-01 00:00:00,55,53,89,86,92,6
102,10,2019-07-01 00:00:00,90,58,35,89,12,4
103,6,2019-07-01 00:00:00,51,56,61,58,35,6
104,8,2019-07-01 00:00:00,45,98,88,74,20,59
105,1,2019-07-01 00:00:00,89,67,73,60,89,25
106,5,2019-07-01 00:00:00,28,21,28,71,97,51
107,5,2019-07-01 00:00:00,48,29,33,94,33,52
108,5,2019-07-01 00:00:00,42,88,47,55,95,53
109,2,2019-07-01 00:00:00,28,11,57,18,71,19
110,4,2019-07-01 00:00:00,82,67,32,48,6,60
111,8,2019-07-01 00:00:00,15,49,56,54,94,48
112,7,2019-07-01 00:00:00,63,9,30,96,96,4
113,3,2019-07-01 00:00:00,40,18,43,68,13,51
114,10,2019-07-01 00:00:00,54,97,20,90,79,26
115,4,2019-07-01 00:00:00,92,38,24,30,86,31
116,9,2019-07-01 00:00:00,6,70,36,24,14,80
117,5,2019-07-01 00:00:00,61,62,82,17,50,41
118,8,2019-07-01 00:00:00,37,21,48,14,73,52
119,4,2019-07-01 00:00:00,89,66,94,34,44,43
120,5,2019-07-01 00:00:00,41,11,16,35,11,9
121,9,2019-07-01 00:00:00,19,82,82,17,92,58
122,8,2019-07-01 00:00:00,93,78,53,92,54,18
123,7,2019-07-01 00:00:00,67,97,73,46,91,71
124,3,2019-07-01 00:00:00,42,20,68,77,61,43
125,10,2019-07-01 00:00:00,40,33,8,43,38,26
126,1,2019-07-01 00:00:00,13,28,99,2,11,18
127,8,2019-07-01 00:00:00,47,97,61,77,100,72
128,8,2019-07-01 00:00:00,72,91,61,53,73,92
129,5,2019-07-01 00:00:00,47,54,64,43,33,80
130,9,2019-07-01 00:00:00,10,97,9,28,93,31
131,10,2019-07-01 00:00:00,12,45,75,18,81,23
132,3,2019-07-01 00:00:00,44,11,38,81,87,69
133,9,2019-07-01 00:00:00,95,62,2,36,81,81
134,6,2019-07-01 00:00:00,52,15,56,58,94,28
135,4,2019-07-01 00:00:00,9,96,18,19,15,96
136,4,2019-07-01 00:00:00,97,59,92,71,61,27
137,6,2019-07-01 00:00:00,22,37,67,18,13,60
138,10,2019-07-01 00:00:00,84,93,8,27,31,7
139,3,2019-07-01 00:00:00,87,44,27,81,76,10
140,2,2019-07-01 00:00:00,28,32,44,76,63,44
141,8,2019-07-01 00:00:00,63,55,45,10,68,2
142,4,2019-07-01 00:00:00,75,90,45,85,65,29
143,4,2019-07-01 00:00:00,38,65,87,55,64,23
144,9,2019-07-01 00:00:00,84,42,90,56,39,88
145,9,2019-07-01 00:00:00,10,49,32,45,96,85
146,2,2019-07-01 00:00:00,80,77,50,98,19,58
147,7,2019-07-01 00:00:00,5,59,99,75,88,82
148,1,2019-07-01 00:00:00,19,57,39,38,82,83
149,3,2019-07-01 00:00:00,57,11,6,37,33,50
150,9,2019-07-01 00:00:00,70,3,90,30,56,28
151,2,2019-07-01 00:00:00,25,10,76,97,77,77
152,6,2019-07-01 00:00:00,77,73,87,9,95,26
153,3,2019-07-01 00:00:00,39,4,93,50,96,48
154,1,2019-07-01 00:00:00,48,91,62,4,41,8
155,3,2019-07-01 00:00:00,12,30,27,6,78,79
156,6,2019-07-01 00:00:00,44,16,73,45,8,27
157,6,2019-07-01 00:00:00,14,81,78,91,83,96
158,3,2019-07-01 00:00:00,49,25,78,37,82,68
159,3,2019-07-01 00:00:00,13,36,24,68,17,93
160,5,2019-07-01 00:00:00,90,67,85,43,20,60
161,9,2019-07-01 00:00:00,55,96,81,20,65,66
162,9,2019-07-01 00:00:00,30,11,75,57,10,95
163,4,2019-07-01 00:00:00,21,99,9,23,11,57
164,2,2019-07-01 00:00:00,45,53,99,40,58,27
165,8,2019-07-01 00:00:00,33,14,76,34,100,75
166,6,2019-07-01 00:00:00,26,5,32,9,64,15
167,6,2019-07-01 00:00:00,36,77,87,52,52,38
168,3,2019-07-01 00:00:00,34,25,24,57,32,74
169,6,2019-07-01 00:00:00,27,13,41,42,47,13
170,10,2019-07-01 00:00:00,94,91,33,87,43,44
171,7,2019-07-01 00:00:00,74,49,22,8,28,25
172,3,2019-07-01 00:00:00,57,65,32,22,89,54
173,3,2019-07-01 00:00:00,17,81,89,84,41,15
174,2,2019-07-01 00:00:00,80,30,95,36,39,36
175,8,2019-07-01 00:00:00,63,40,89,99,98,83
176,4,2019-07-01 00:00:00,42,63,33,13,89,52
177,7,2019-07-01 00:00:00,19,80,22,94,59,87
178,5,2019-07-01 00:00:00,49,68,80,42,13,40
179,2,2019-07-01 00:00:00,22,1,41,33,65,79
180,8,2019-07-01 00:00:00,22,94,100,6,32,80
181,6,2019-07-01 00:00:00,70,22,63,78,30,7
182,9,2019-07-01 00:00:00,85,7,18,97,52,46
183,8,2019-07-01 00:00:00,4,59,55,24,54,22
184,9,2019-07-01 00:00:00,45,23,16,96,15,29
185,5,2019-07-01 00:00:00,14,4,12,99,70,92
186,5,2019-07-01 00:00:00,97,69,53,59,98,4
187,9,2019-07-01 00:00:00,96,75,89,85,54,54
188,4,2019-07-01 00:00:00,53,91,71,95,44,65
189,1,2019-07-01 00:00:00,85,54,5,44,100,66
190,9,2019-07-01 00:00:00,34,19,18,52,11,45
191,9,2019-07-01 00:00:00,40,77,10,74,60,77
192,10,2019-07-01 00:00:00,100,99,86,6,41,36
193,9,2019-07-01 00:00:00,88,93,50,74,26,43
194,8,2019-07-01 00:00:00,11,25,49,61,87,57
195,7,2019-07-01 00:00:00,21,36,85,30,61,43
196,6,2019-07-01 00:00:00,72,34,11,2,44,67
197,4,2019-07-01 00:00:00,7,38,17,15,90,50
198,9,2019-07-01 00:00:00,43,73,36,26,61,64
199,3,2019-07-01 00:00:00,13,82,38,54,20,31
200,5,2019-07-01 00:00:00,27,10,28,88,50,36
201,2,2019-07-01 00:00:00,78,100,23,64,87,76
202,9,2019-07-01 00:00:00,2,61,57,88,96,30
203,5,2019-07-01 00:00:00,96,12,86,12,29,32
204,1,2019-07-01 00:00:00,14,9,47,52,65,28
205,6,2019-07-01 00:00:00,52,77,48,38,59,72
206,9,2019-07-01 00:00:00,86,55,34,16,62,37
207,9,2019-07-01 00:00:00,67,65,12,6,68,5
208,8,2019-07-01 00:00:00,30,22,46,13,90,17
209,2,2019-07-01 00:00:00,82,83,61,10,36,68
210,4,2019-07-01 00:00:00,91,72,82,69,75,20
211,7,2019-07-01 00:00:00,78,29,29,87,71,33
212,1,2019-07-01 00:00:00,13,50,2,23,71,28
213,3,2019-07-01 00:00:00,8,60,23,32,61,89
214,4,2019-07-01 00:00:00,99,15,38,46,89,77
215,2,2019-07-01 00:00:00,41,46,48,87,17,96
216,2,2019-07-01 00:00:00,87,13,29,14,94,20
217,3,2019-07-01 00:00:00,67,33,82,2,98,22
218,9,2019-07-01 00:00:00,42,11,84,72,15,27
219,3,2019-07-01 00:00:00,93,18,55,59,20,21
220,2,2019-07-01 00:00:00,41,84,85,46,100,14
221,9,2019-07-01 00:00:00,78,32,24,67,28,98
222,1,2019-07-01 00:00:00,8,57,7,33,64,32
223,10,2019-07-01 00:00:00,10,39,83,26,30,33
224,8,2019-07-01 00:00:00,43,40,35,43,31,35
225,8,2019-07-01 00:00:00,39,97,40,79,52,28
226,5,2019-07-01 00:00:00,13,44,50,10,7,27
227,1,2019-07-01 00:00:00,10,21,3,1,8,29
228,9,2019-07-01 00:00:00,9,48,17,79,43,41
229,3,2019-07-01 00:00:00,100,63,73,49,66,31
230,8,2019-07-01 00:00:00,29,24,93,67,77,7
231,9,2019-07-01 00:00:00,50,36,93,88,31,4
232,9,2019-07-01 00:00:00,23,42,39,16,99,38
233,6,2019-07-01 00:00:00,22,60,88,84,96,71
234,2,2019-07-01 00:00:00,15,1,82,12,76,99
235,5,2019-07-01 00:00:00,4,75,37,13,62,16
236,3,2019-07-01 00:00:00,45,16,55,67,50,17
237,6,2019-07-01 00:00:00,40,80,12,71,81,72
238,2,2019-07-01 00:00:00,94,96,23,42,91,58
239,10,2019-07-01 00:00:00,92,98,90,81,80,24
240,6,2019-07-01 00:00:00,22,62,32,9,68,57
241,9,2019-07-01 00:00:00,98,56,39,19,41,77
242,5,2019-07-01 00:00:00,70,39,60,80,50,93
243,1,2019-07-01 00:00:00,11,73,83,20,88,5
244,3,2019-07-01 00:00:00,15,93,13,21,51,29
245,1,2019-07-01 00:00:00,95,58,56,65,59,9
246,1,2019-07-01 00:00:00,83,35,53,47,72,31
247,7,2019-07-01 00:00:00,72,96,15,7,89,61
248,10,2019-07-01 00:00:00,73,38,35,58,69,29
249,6,2019-07-01 00:00:00,80,75,19,44,94,6
250,3,2019-07-01 00:00:00,49,70,63,99,71,29
251,2,2019-07-01 00:00:00,35,63,49,21,81,34
252,4,2019-07-01 00:00:00,58,20,45,8,13,40
253,3,2019-07-01 00:00:00,81,44,4,21,83,17
254,7,2019-07-01 00:00:00,95,74,46,42,10,23
255,10,2019-07-01 00:00:00,26,57,89,15,22,66
256,4,2019-07-01 00:00:00,70,50,92,51,74,75
257,3,2019-07-01 00:00:00,86,93,40,67,24,44
258,5,2019-07-01 00:00:00,70,32,33,19,67,11
259,6,2019-07-01 00:00:00,29,64,65,35,18,48
260,7,2019-07-01 00:00:00,93,99,12,15,85,29
261,3,2019-07-01 00:00:00,15,29,66,40,24,74
262,7,2019-07-01 00:00:00,6,75,76,56,100,64
263,6,2019-07-01 00:00:00,1,14,15,61,23,67
264,2,2019-07-01 00:00:00,98,85,81,37,15,28
265,6,2019-07-01 00:00:00,71,56,7,96,1,85
266,4,2019-07-01 00:00:00,88,100,19,23,42,71
267,5,2019-07-01 00:00:00,20,67,60,76,85,83
268,4,2019-07-01 00:00:00,50,76,63,97,91,31
269,10,2019-07-01 00:00:00,10,62,39,54,33,40
270,5,2019-07-01 00:00:00,48,63,36,89,97,92
271,7,2019-07-01 00:00:00,49,61,23,42,15,20
272,2,2019-07-01 00:00:00,38,23,27,66,96,92
273,10,2019-07-01 00:00:00,99,91,94,35,21,28
274,8,2019-07-01 00:00:00,68,23,10,11,1,74
275,5,2019-07-01 00:00:00,72,18,50,70,10,46
276,7,2019-07-01 00:00:00,75,59,48,50,88,2
277,6,2019-07-01 00:00:00,92,76,61,66,63,71
278,6,2019-07-01 00:00:00,30,6,1,9,55,14
279,6,2019-07-01 00:00:00,36,27,76,10,12,64
280,6,2019-07-01 00:00:00,82,15,40,1,48,2
281,6,2019-07-01 00:00:00,73,62,26,31,79,59
282,10,2019-07-01 00:00:00,57,79,73,73,91,33
283,10,2019-07-01 00:00:00,22,49,94,22,72,60
284,7,2019-07-01 00:00:00,49,52,44,10,18,31
285,4,2019-07-01 00:00:00,25,7,29,18,21,33
286,3,2019-07-01 00:00:00,11,96,38,58,90,27
287,1,2019-07-01 00:00:00,32,85,25,29,76,94
288,10,2019-07-01 00:00:00,15,31,26,57,64,31
289,5,2019-07-01 00:00:00,94,71,31,70,11,58
290,2,2019-07-01 00:00:00,45,47,13,11,82,46
291,4,2019-07-01 00:00:00,17,25,70,40,80,64
292,4,2019-07-01 00:00:00,1,65,55,3,47,84
293,6,2019-07-01 00:00:00,41,68,80,57,6,54
294,2,2019-07-01 00:00:00,72,38,92,57,70,56
295,7,2019-07-01 00:00:00,7,47,2,91,97,77
296,2,2019-07-01 00:00:00,23,14,53,10,62,86
297,4,2019-07-01 00:00:00,68,35,14,45,30,10
298,9,2019-07-01 00:00:00,84,77,73,6,96,80
299,10,2019-07-01 00:00:00,94,22,39,69,79,48
300,6,2019-07-01 00:00:00,78,31,37,89,94,31
301,7,2019-07-02 00:00:00,33,93,33,66,67,88
302,1,2019-07-02 00:00:00,27,80,11,32,81,65
303,3,2019-07-02 00:00:00,86,84,7,91,93,16
304,5,2019-07-02 00:00:00,24,8,68,52,79,37
305,6,2019-07-02 00:00:00,100,85,15,67,58,78
306,5,2019-07-02 00:00:00,49,10,42,30,11,43
307,7,2019-07-02 00:00:00,66,44,54,84,65,77
308,7,2019-07-02 00:00:00,76,9,47,94,26,75
309,9,2019-07-02 00:00:00,71,26,16,33,69,4
310,4,2019-07-02 00:00:00,24,9,70,81,67,11
311,5,2019-07-02 00:00:00,3,24,11,39,31,100
312,1,2019-07-02 00:00:00,36,98,72,44,77,15
313,3,2019-07-02 00:00:00,74,66,62,22,53,77
314,5,2019-07-02 00:00:00,28,36,36,32,76,80
315,6,2019-07-02 00:00:00,60,99,93,39,16,82
316,4,2019-07-02 00:00:00,65,40,22,42,52,42
317,6,2019-07-02 00:00:00,15,5,51,78,39,100
318,5,2019-07-02 00:00:00,87,100,39,89,65,60
319,4,2019-07-02 00:00:00,28,2,8,8,14,87
320,8,2019-07-02 00:00:00,82,24,69,91,38,46
321,3,2019-07-02 00:00:00,93,28,28,11,28,66
322,10,2019-07-02 00:00:00,99,60,84,66,59,64
323,8,2019-07-02 00:00:00,10,90,24,54,22,54
324,1,2019-07-02 00:00:00,28,81,81,59,99,88
325,8,2019-07-02 00:00:00,49,19,47,28,58,1
326,1,2019-07-02 00:00:00,4,65,56,73,3,31
327,3,2019-07-02 00:00:00,61,81,34,50,94,67
328,5,2019-07-02 00:00:00,99,39,95,75,45,99
329,7,2019-07-02 00:00:00,86,58,48,94,50,89
330,3,2019-07-02 00:00:00,42,6,71,15,43,39
331,5,2019-07-02 00:00:00,31,58,77,47,52,71
332,9,2019-07-02 00:00:00,54,3,72,20,93,32
333,5,2019-07-02 00:00:00,10,1,55,37,20,1
334,3,2019-07-02 00:00:00,10,35,99,60,86,85
335,2,2019-07-02 00:00:00,72,1,17,30,36,20
336,8,2019-07-02 00:00:00,88,50,32,74,38,33
337,1,2019-07-02 00:00:00,9,23,12,88,12,25
338,1,2019-07-02 00:00:00,88,1,49,19,47,30
339,1,2019-07-02 00:00:00,38,27,6,7,64,43
340,9,2019-07-02 00:00:00,21,7,39,89,16,79
341,4,2019-07-02 00:00:00,84,4,60,56,39,49
342,1,2019-07-02 00:00:00,24,74,86,5,99,82
343,7,2019-07-02 00:00:00,32,64,24,29,95,84
344,3,2019-07-02 00:00:00,16,45,17,34,37,99
345,10,2019-07-02 00:00:00,76,53,66,78,22,66
346,7,2019-07-02 00:00:00,73,47,63,82,65,39
347,4,2019-07-02 00:00:00,76,78,45,64,68,100
348,4,2019-07-02 00:00:00,82,70,64,82,48,53
349,10,2019-07-02 00:00:00,57,30,34,55,35,66
350,9,2019-07-02 00:00:00,33,38,39,11,12,42
351,2,2019-07-02 00:00:00,39,39,41,50,66,13
352,5,2019-07-02 00:00:00,83,61,15,34,41,6
353,2,2019-07-02 00:00:00,10,2,20,82,40,15
354,10,2019-07-02 00:00:00,94,46,8,57,48,12
355,10,2019-07-02 00:00:00,65,22,19,69,22,59
356,3,2019-07-02 00:00:00,76,35,23,91,55,61
357,6,2019-07-02 00:00:00,43,6,41,89,19,35
358,6,2019-07-02 00:00:00,57,8,14,76,84,28
359,1,2019-07-02 00:00:00,94,9,19,53,45,59
360,6,2019-07-02 00:00:00,33,53,59,73,21,6
361,5,2019-07-02 00:00:00,51,79,72,14,84,13
362,2,2019-07-02 00:00:00,64,83,85,36,96,68
363,2,2019-07-02 00:00:00,30,10,51,79,51,91
364,5,2019-07-02 00:00:00,10,95,3,71,41,60
365,4,2019-07-02 00:00:00,40,39,50,64,67,59
366,1,2019-07-02 00:00:00,92,91,56,49,33,25
367,8,2019-07-02 00:00:00,64,87,73,65,74,74
368,5,2019-07-02 00:00:00,57,63,55,90,70,73
369,3,2019-07-02 00:00:00,43,69,77,92,36,99
370,8,2019-07-02 00:00:00,2,3,75,3,58,9
371,6,2019-07-02 00:00:00,2,20,31,91,41,25
372,6,2019-07-02 00:00:00,94,78,49,91,40,70
373,9,2019-07-02 00:00:00,58,72,21,1,80,31
374,8,2019-07-02 00:00:00,83,52,50,29,11,11
375,9,2019-07-02 00:00:00,3,49,98,11,4,70
376,7,2019-07-02 00:00:00,77,83,13,100,76,94
377,4,2019-07-02 00:00:00,24,43,60,12,90,25
378,5,2019-07-02 00:00:00,90,74,33,88,72,40
379,5,2019-07-02 00:00:00,95,75,99,58,49,78
380,6,2019-07-02 00:00:00,67,75,100,98,35,49
381,1,2019-07-02 00:00:00,38,80,9,37,38,56
382,10,2019-07-02 00:00:00,15,40,40,7,60,5
383,8,2019-07-02 00:00:00,51,52,7,40,4,74
384,5,2019-07-02 00:00:00,16,80,58,54,51,75
385,4,2019-07-02 00:00:00,39,80,77,24,18,33
386,5,2019-07-02 00:00:00,95,85,1,73,36,22
387,10,2019-07-02 00:00:00,8,55,75,95,22,7
388,1,2019-07-02 00:00:00,43,4,28,31,75,72
389,10,2019-07-02 00:00:00,40,93,12,30,14,9
390,8,2019-07-02 00:00:00,72,7,74,4,56,52
391,10,2019-07-02 00:00:00,39,7,63,30,33,2
392,2,2019-07-02 00:00:00,4,98,67,61,35,22
393,8,2019-07-02 00:00:00,8,3,45,6,78,17
394,8,2019-07-02 00:00:00,2,46,81,8,21,14
395,1,2019-07-02 00:00:00,72,85,100,44,54,85
396,10,2019-07-02 00:00:00,13,53,17,85,91,29
397,3,2019-07-02 00:00:00,61,70,33,10,94,2
398,9,2019-07-02 00:00:00,67,37,86,4,16,2
399,10,2019-07-02 00:00:00,26,20,19,34,14,23
400,5,2019-07-02 00:00:00,41,69,93,2,16,6
401,7,2019-07-02 00:00:00,51,2,48,56,13,7
402,1,2019-07-02 00:00:00,9,14,67,57,31,15
403,8,2019-07-02 00:00:00,7,80,34,26,61,34
404,6,2019-07-02 00:00:00,96,7,6,47,30,64
405,10,2019-07-02 00:00:00,95,94,66,50,43,20
406,6,2019-07-02 00:00:00,39,94,67,97,83,10
407,2,2019-07-02 00:00:00,50,67,79,76,52,95
408,2,2019-07-02 00:00:00,7,22,21,68,97,84
409,3,2019-07-02 00:00:00,70,54,15,31,99,6
410,3,2019-07-02 00:00:00,24,25,6,21,36,9
411,2,2019-07-02 00:00:00,93,23,80,11,2,81
412,10,2019-07-02 00:00:00,43,61,26,21,16,89
413,4,2019-07-02 00:00:00,94,83,65,64,73,71
414,2,2019-07-02 00:00:00,63,92,80,35,20,35
415,3,2019-07-02 00:00:00,65,70,44,60,79,77
416,9,2019-07-02 00:00:00,77,39,1,61,73,37
417,2,2019-07-02 00:00:00,27,73,34,21,83,7
418,8,2019-07-02 00:00:00,66,41,78,15,64,56
419,2,2019-07-02 00:00:00,89,92,70,35,97,97
420,3,2019-07-02 00:00:00,10,18,94,96,15,86
421,2,2019-07-02 00:00:00,25,65,89,11,19,60
422,7,2019-07-02 00:00:00,33,7,20,7,43,35
423,6,2019-07-02 00:00:00,96,74,21,65,39,80
424,1,2019-07-02 00:00:00,16,52,81,83,71,12
425,5,2019-07-02 00:00:00,97,88,96,100,39,2
426,4,2019-07-02 00:00:00,15,17,73,69,27,50
427,2,2019-07-02 00:00:00,53,46,24,21,67,80
428,8,2019-07-02 00:00:00,43,43,6,51,35,57
429,6,2019-07-02 00:00:00,31,23,50,3,78,89
430,8,2019-07-02 00:00:00,41,10,90,20,60,31
431,1,2019-07-02 00:00:00,5,4,7,58,46,99
432,9,2019-07-02 00:00:00,26,57,65,55,62,62
433,3,2019-07-02 00:00:00,65,47,42,51,96,33
434,4,2019-07-02 00:00:00,97,33,5,34,96,83
435,2,2019-07-02 00:00:00,36,12,4,39,67,48
436,7,2019-07-02 00:00:00,58,48,81,13,98,23
437,2,2019-07-02 00:00:00,22,83,18,31,53,21
438,10,2019-07-02 00:00:00,69,88,56,19,88,38
439,9,2019-07-02 00:00:00,26,89,41,88,27,80
440,2,2019-07-02 00:00:00,16,68,18,40,18,57
441,4,2019-07-02 00:00:00,80,76,69,32,29,48
442,6,2019-07-02 00:00:00,2,13,53,75,25,49
443,9,2019-07-02 00:00:00,69,18,58,57,58,28
444,6,2019-07-02 00:00:00,56,15,14,19,96,30
445,7,2019-07-02 00:00:00,17,65,100,58,57,96
446,8,2019-07-02 00:00:00,61,48,90,75,66,27
447,5,2019-07-02 00:00:00,95,19,41,36,38,48
448,5,2019-07-02 00:00:00,63,57,52,46,23,72
449,1,2019-07-02 00:00:00,64,71,2,55,69,47
450,7,2019-07-02 00:00:00,36,37,70,44,12,83
451,4,2019-07-02 00:00:00,11,86,31,18,13,57
452,2,2019-07-02 00:00:00,88,47,19,3,22,63
453,2,2019-07-02 00:00:00,40,20,62,51,44,89
454,8,2019-07-02 00:00:00,88,18,30,62,73,20
455,7,2019-07-02 00:00:00,52,77,94,92,52,20
456,7,2019-07-02 00:00:00,27,5,100,17,62,40
457,4,2019-07-02 00:00:00,29,40,68,35,79,95
458,10,2019-07-02 00:00:00,41,12,63,91,91,15
459,3,2019-07-02 00:00:00,31,19,63,69,83,10
460,9,2019-07-02 00:00:00,86,63,96,92,79,3
461,9,2019-07-02 00:00:00,27,72,1,32,63,29
462,3,2019-07-02 00:00:00,7,37,52,12,17,2
463,2,2019-07-02 00:00:00,64,13,56,23,48,72
464,7,2019-07-02 00:00:00,3,76,36,70,58,39
465,6,2019-07-02 00:00:00,96,91,88,6,67,10
466,8,2019-07-02 00:00:00,52,16,70,58,89,53
467,9,2019-07-02 00:00:00,70,55,54,99,96,12
468,9,2019-07-02 00:00:00,89,8,26,70,32,24
469,4,2019-07-02 00:00:00,38,77,24,57,80,74
470,10,2019-07-02 00:00:00,14,74,98,46,56,50
471,6,2019-07-02 00:00:00,8,39,38,18,76,10
472,9,2019-07-02 00:00:00,56,76,1,1,4,9
473,3,2019-07-02 00:00:00,80,12,97,19,11,69
474,7,2019-07-02 00:00:00,42,48,33,79,72,23
475,9,2019-07-02 00:00:00,34,53,64,29,46,21
476,5,2019-07-02 00:00:00,53,51,60,39,31,28
477,9,2019-07-02 00:00:00,54,70,20,3,36,54
478,4,2019-07-02 00:00:00,83,58,22,14,7,16
479,9,2019-07-02 00:00:00,50,48,26,97,57,3
480,9,2019-07-02 00:00:00,42,57,71,76,55,92
481,7,2019-07-02 00:00:00,64,46,21,33,27,67
482,5,2019-07-02 00:00:00,62,2,80,26,51,22
483,2,2019-07-02 00:00:00,77,79,35,19,5,1
484,1,2019-07-02 00:00:00,62,92,85,99,97,70
485,10,2019-07-02 00:00:00,35,74,57,86,72,95
486,3,2019-07-02 00:00:00,88,78,43,82,85,98
487,3,2019-07-02 00:00:00,44,47,51,64,36,31
488,8,2019-07-02 00:00:00,74,8,62,57,16,23
489,6,2019-07-02 00:00:00,57,39,12,63,27,29
490,7,2019-07-02 00:00:00,13,12,82,33,30,50
491,6,2019-07-02 00:00:00,94,98,7,99,35,22
492,6,2019-07-02 00:00:00,94,77,11,71,49,33
493,5,2019-07-02 00:00:00,30,58,80,10,51,32
494,3,2019-07-02 00:00:00,3,59,17,49,78,7
495,7,2019-07-02 00:00:00,25,65,66,20,67,8
496,5,2019-07-02 00:00:00,96,68,35,76,14,17
497,6,2019-07-02 00:00:00,69,80,79,64,77,81
498,4,2019-07-02 00:00:00,36,63,50,78,46,46
499,7,2019-07-02 00:00:00,40,81,25,17,99,77
500,9,2019-07-02 00:00:00,46,43,16,8,12,36
501,10,2019-07-02 00:00:00,8,93,58,86,28,67
502,10,2019-07-02 00:00:00,56,30,58,91,30,11
503,9,2019-07-02 00:00:00,97,86,93,82,74,32
504,10,2019-07-02 00:00:00,52,19,33,95,16,21
505,9,2019-07-02 00:00:00,81,91,6,74,85,16
506,8,2019-07-02 00:00:00,47,32,64,49,59,83
507,7,2019-07-02 00:00:00,21,86,25,72,31,82
508,5,2019-07-02 00:00:00,85,61,46,49,67,12
509,4,2019-07-02 00:00:00,95,95,91,81,75,8
510,2,2019-07-02 00:00:00,54,41,8,42,12,27
511,3,2019-07-02 00:00:00,17,95,71,23,62,9
512,8,2019-07-02 00:00:00,17,11,79,2,3,91
513,6,2019-07-02 00:00:00,73,45,87,64,46,13
514,2,2019-07-02 00:00:00,83,51,85,30,41,64
515,1,2019-07-02 00:00:00,63,62,39,86,34,5
516,10,2019-07-02 00:00:00,68,59,5,49,49,45
517,9,2019-07-02 00:00:00,90,86,74,83,63,34
518,7,2019-07-02 00:00:00,83,83,40,84,28,89
519,7,2019-07-02 00:00:00,45,25,32,54,20,50
520,8,2019-07-02 00:00:00,86,7,71,62,70,77
521,8,2019-07-02 00:00:00,82,64,66,93,42,29
522,3,2019-07-02 00:00:00,58,4,2,17,42,53
523,1,2019-07-02 00:00:00,18,57,37,3,64,37
524,6,2019-07-02 00:00:00,12,74,43,25,98,8
525,3,2019-07-02 00:00:00,54,59,34,26,78,90
526,8,2019-07-02 00:00:00,37,64,74,31,11,29
527,7,2019-07-02 00:00:00,13,41,21,100,12,27
528,3,2019-07-02 00:00:00,6,51,39,9,53,28
529,9,2019-07-02 00:00:00,55,53,29,74,7,17
530,1,2019-07-02 00:00:00,27,8,11,83,14,68
531,2,2019-07-02 00:00:00,23,51,61,16,84,3
532,1,2019-07-02 00:00:00,58,48,3,69,14,94
533,3,2019-07-02 00:00:00,23,76,22,82,6,18
534,10,2019-07-02 00:00:00,3,65,40,37,69,62
535,1,2019-07-02 00:00:00,62,95,36,18,77,91
536,3,2019-07-02 00:00:00,6,3,14,82,58,92
537,3,2019-07-02 00:00:00,96,68,19,52,18,9
538,3,2019-07-02 00:00:00,97,46,47,64,97,21
539,7,2019-07-02 00:00:00,48,22,7,88,2,62
540,3,2019-07-02 00:00:00,48,36,51,68,67,29
541,6,2019-07-02 00:00:00,32,2,41,58,31,28
542,6,2019-07-02 00:00:00,39,1,65,86,45,33
543,7,2019-07-02 00:00:00,57,67,68,37,69,9
544,3,2019-07-02 00:00:00,28,7,84,59,30,2
545,10,2019-07-02 00:00:00,62,22,11,59,59,64
546,4,2019-07-02 00:00:00,4,44,80,56,55,85
547,1,2019-07-02 00:00:00,70,87,8,6,62,56
548,7,2019-07-02 00:00:00,52,88,41,74,85,28
549,2,2019-07-02 00:00:00,35,91,19,72,62,14
550,4,2019-07-02 00:00:00,15,100,49,37,18,52
551,4,2019-07-02 00:00:00,97,36,74,17,40,35
552,3,2019-07-02 00:00:00,5,85,66,65,43,7
553,4,2019-07-02 00:00:00,15,49,80,89,65,18
554,7,2019-07-02 00:00:00,25,8,41,1,93,27
555,5,2019-07-02 00:00:00,83,57,38,82,53,63
556,9,2019-07-02 00:00:00,6,46,64,16,61,34
557,9,2019-07-02 00:00:00,95,12,22,98,5,34
558,4,2019-07-02 00:00:00,41,40,32,83,62,73
559,4,2019-07-02 00:00:00,96,70,14,58,82,33
560,8,2019-07-02 00:00:00,95,39,15,39,70,6
561,7,2019-07-02 00:00:00,41,14,30,70,100,73
562,7,2019-07-02 00:00:00,66,73,20,72,95,89
563,8,2019-07-02 00:00:00,88,30,13,26,16,23
564,4,2019-07-02 00:00:00,95,45,43,16,54,61
565,7,2019-07-02 00:00:00,80,7,77,54,6,62
566,9,2019-07-02 00:00:00,100,14,22,22,97,63
567,6,2019-07-02 00:00:00,72,15,46,48,25,22
568,7,2019-07-02 00:00:00,74,38,25,92,76,89
569,4,2019-07-02 00:00:00,83,78,75,31,63,60
570,8,2019-07-02 00:00:00,83,67,56,85,6,69
571,10,2019-07-02 00:00:00,63,69,31,13,72,74
572,1,2019-07-02 00:00:00,85,84,20,51,26,86
573,2,2019-07-02 00:00:00,99,68,42,62,42,23
574,9,2019-07-02 00:00:00,52,55,31,58,54,59
575,4,2019-07-02 00:00:00,42,29,58,96,70,61
576,8,2019-07-02 00:00:00,29,13,92,79,13,7
577,3,2019-07-02 00:00:00,96,78,59,36,82,96
578,10,2019-07-02 00:00:00,47,40,32,96,42,25
579,7,2019-07-02 00:00:00,83,4,43,43,25,92
580,10,2019-07-02 00:00:00,97,16,45,34,15,30
581,5,2019-07-02 00:00:00,74,78,98,53,40,46
582,9,2019-07-02 00:00:00,11,48,60,31,4,69
583,3,2019-07-02 00:00:00,62,73,1,89,65,81
584,2,2019-07-02 00:00:00,12,23,39,38,72,96
585,8,2019-07-02 00:00:00,17,95,90,97,74,16
586,9,2019-07-02 00:00:00,41,11,77,50,10,33
587,9,2019-07-02 00:00:00,72,75,92,64,82,100
588,1,2019-07-02 00:00:00,94,53,76,42,2,19
589,8,2019-07-02 00:00:00,92,12,21,25,65,2
590,6,2019-07-02 00:00:00,43,77,45,46,29,24
591,2,2019-07-02 00:00:00,29,35,16,59,31,62
592,10,2019-07-02 00:00:00,2,37,91,97,28,53
593,3,2019-07-02 00:00:00,7,39,80,43,7,30
594,2,2019-07-02 00:00:00,49,22,55,69,37,39
595,2,2019-07-02 00:00:00,92,8,81,19,55,48
596,1,2019-07-02 00:00:00,86,84,72,100,17,74
597,10,2019-07-02 00:00:00,57,22,89,67,1,55
598,10,2019-07-02 00:00:00,55,35,67,33,88,77
599,10,2019-07-02 00:00:00,36,28,44,83,26,45
600,2,2019-07-02 00:00:00,89,26,41,54,34,35
601,7,2019-07-03 00:00:00,32,95,82,86,48,37
602,1,2019-07-03 00:00:00,84,23,27,1,7,35
603,10,2019-07-03 00:00:00,54,68,81,34,2,58
604,2,2019-07-03 00:00:00,29,23,44,36,11,6
605,6,2019-07-03 00:00:00,59,33,100,47,49,31
606,1,2019-07-03 00:00:00,83,24,57,36,19,91
607,5,2019-07-03 00:00:00,71,37,99,96,49,65
608,2,2019-07-03 00:00:00,82,90,8,77,10,11
609,3,2019-07-03 00:00:00,96,88,16,88,79,34
610,10,2019-07-03 00:00:00,78,95,49,77,96,51
611,1,2019-07-03 00:00:00,63,69,21,83,75,21
612,2,2019-07-03 00:00:00,22,3,68,23,93,81
613,8,2019-07-03 00:00:00,66,74,45,8,64,20
614,6,2019-07-03 00:00:00,43,60,28,67,38,47
615,7,2019-07-03 00:00:00,28,8,84,2,23,29
616,7,2019-07-03 00:00:00,86,80,57,48,49,38
617,1,2019-07-03 00:00:00,3,97,14,79,95,36
618,2,2019-07-03 00:00:00,44,84,100,85,21,37
619,2,2019-07-03 00:00:00,95,27,20,85,68,88
620,5,2019-07-03 00:00:00,28,85,97,48,64,25
621,9,2019-07-03 00:00:00,22,58,4,55,81,6
622,2,2019-07-03 00:00:00,79,19,72,31,43,50
623,9,2019-07-03 00:00:00,68,67,6,59,81,93
624,1,2019-07-03 00:00:00,9,33,85,54,81,67
625,7,2019-07-03 00:00:00,27,88,88,73,35,39
626,10,2019-07-03 00:00:00,46,36,10,11,26,74
627,4,2019-07-03 00:00:00,29,69,71,53,89,51
628,10,2019-07-03 00:00:00,77,18,40,13,41,30
629,8,2019-07-03 00:00:00,36,76,72,90,59,73
630,1,2019-07-03 00:00:00,33,45,45,81,35,92
631,9,2019-07-03 00:00:00,51,37,86,14,17,61
632,8,2019-07-03 00:00:00,69,6,25,20,37,40
633,3,2019-07-03 00:00:00,59,60,34,70,9,45
634,5,2019-07-03 00:00:00,35,96,76,91,86,11
635,5,2019-07-03 00:00:00,81,59,90,3,96,50
636,2,2019-07-03 00:00:00,75,21,46,44,44,62
637,4,2019-07-03 00:00:00,39,29,56,38,14,3
638,7,2019-07-03 00:00:00,61,22,73,72,36,14
639,6,2019-07-03 00:00:00,30,99,12,90,29,10
640,8,2019-07-03 00:00:00,99,78,48,15,24,49
641,8,2019-07-03 00:00:00,63,16,88,17,41,28
642,10,2019-07-03 00:00:00,68,83,32,21,40,99
643,7,2019-07-03 00:00:00,17,66,57,71,98,80
644,2,2019-07-03 00:00:00,75,12,9,21,85,76
645,5,2019-07-03 00:00:00,40,24,13,56,46,92
646,10,2019-07-03 00:00:00,46,32,32,37,7,21
647,7,2019-07-03 00:00:00,20,39,11,72,74,76
648,1,2019-07-03 00:00:00,65,51,100,20,61,95
649,5,2019-07-03 00:00:00,45,68,16,23,30,15
650,3,2019-07-03 00:00:00,27,66,8,89,45,64
651,4,2019-07-03 00:00:00,53,77,1,36,77,92
652,2,2019-07-03 00:00:00,74,69,5,88,58,1
653,10,2019-07-03 00:00:00,32,45,86,77,88,53
654,4,2019-07-03 00:00:00,32,62,61,40,7,35
655,10,2019-07-03 00:00:00,43,43,96,94,68,29
656,10,2019-07-03 00:00:00,69,44,71,72,21,71
657,6,2019-07-03 00:00:00,53,9,1,38,61,1
658,4,2019-07-03 00:00:00,62,5,69,4,60,35
659,2,2019-07-03 00:00:00,3,16,29,82,15,5
660,2,2019-07-03 00:00:00,16,92,61,52,91,27
661,9,2019-07-03 00:00:00,4,9,68,69,8,58
662,6,2019-07-03 00:00:00,73,78,5,37,11,75
663,1,2019-07-03 00:00:00,85,91,9,86,10,63
664,4,2019-07-03 00:00:00,58,95,21,39,68,33
665,2,2019-07-03 00:00:00,11,96,37,53,30,54
666,9,2019-07-03 00:00:00,15,50,67,41,37,37
667,5,2019-07-03 00:00:00,76,96,41,99,35,6
668,2,2019-07-03 00:00:00,45,44,44,4,15,23
669,5,2019-07-03 00:00:00,12,86,74,22,24,100
670,6,2019-07-03 00:00:00,15,6,55,16,98,58
671,9,2019-07-03 00:00:00,31,6,65,34,67,66
672,2,2019-07-03 00:00:00,23,97,47,33,96,79
673,4,2019-07-03 00:00:00,28,17,84,18,98,80
674,3,2019-07-03 00:00:00,98,84,43,26,88,26
675,6,2019-07-03 00:00:00,8,51,81,11,21,81
676,8,2019-07-03 00:00:00,38,85,93,70,90,88
677,7,2019-07-03 00:00:00,11,52,98,70,54,33
678,8,2019-07-03 00:00:00,60,65,40,8,67,82
679,10,2019-07-03 00:00:00,2,5,44,56,17,38
680,5,2019-07-03 00:00:00,25,95,77,76,83,3
681,3,2019-07-03 00:00:00,28,34,7,29,46,89
682,6,2019-07-03 00:00:00,34,62,61,28,56,31
683,7,2019-07-03 00:00:00,76,85,4,97,85,59
684,10,2019-07-03 00:00:00,69,29,60,23,54,7
685,6,2019-07-03 00:00:00,67,75,41,92,29,25
686,10,2019-07-03 00:00:00,3,32,31,16,24,95
687,3,2019-07-03 00:00:00,59,72,48,24,50,70
688,8,2019-07-03 00:00:00,95,52,41,50,95,89
689,7,2019-07-03 00:00:00,99,92,32,6,33,47
690,6,2019-07-03 00:00:00,55,98,80,46,71,37
691,4,2019-07-03 00:00:00,12,29,93,3,64,79
692,9,2019-07-03 00:00:00,4,34,93,84,46,73
693,1,2019-07-03 00:00:00,98,36,56,40,76,95
694,8,2019-07-03 00:00:00,85,33,26,86,52,9
695,9,2019-07-03 00:00:00,66,1,62,77,10,87
696,1,2019-07-03 00:00:00,54,5,99,20,63,35
697,5,2019-07-03 00:00:00,78,33,8,54,55,43
698,2,2019-07-03 00:00:00,41,46,29,67,82,44
699,2,2019-07-03 00:00:00,79,39,60,63,80,71
700,8,2019-07-03 00:00:00,68,97,36,45,78,22
701,9,2019-07-03 00:00:00,26,37,79,16,77,39
702,9,2019-07-03 00:00:00,29,67,78,74,93,10
703,1,2019-07-03 00:00:00,70,97,50,7,57,99
704,6,2019-07-03 00:00:00,83,81,45,74,60,49
705,1,2019-07-03 00:00:00,34,70,60,70,30,95
706,9,2019-07-03 00:00:00,71,19,98,34,1,58
707,1,2019-07-03 00:00:00,33,30,31,81,91,21
708,7,2019-07-03 00:00:00,90,91,98,4,81,53
709,10,2019-07-03 00:00:00,7,22,100,15,20,89
710,1,2019-07-03 00:00:00,99,3,9,38,91,9
711,6,2019-07-03 00:00:00,64,79,24,55,99,59
712,9,2019-07-03 00:00:00,43,51,12,38,43,37
713,7,2019-07-03 00:00:00,64,50,42,33,46,33
714,3,2019-07-03 00:00:00,87,95,83,41,87,15
715,7,2019-07-03 00:00:00,26,30,94,69,61,43
716,8,2019-07-03 00:00:00,21,15,20,61,85,27
717,1,2019-07-03 00:00:00,49,16,19,38,56,71
718,6,2019-07-03 00:00:00,33,43,51,45,93,91
719,8,2019-07-03 00:00:00,23,97,1,41,63,70
720,3,2019-07-03 00:00:00,31,36,76,31,43,66
721,7,2019-07-03 00:00:00,22,43,20,10,54,90
722,1,2019-07-03 00:00:00,15,68,81,97,78,58
723,3,2019-07-03 00:00:00,28,59,38,4,32,81
724,9,2019-07-03 00:00:00,70,84,21,26,99,41
725,9,2019-07-03 00:00:00,87,33,95,75,24,94
726,3,2019-07-03 00:00:00,28,26,82,96,79,43
727,7,2019-07-03 00:00:00,9,7,74,9,57,90
728,2,2019-07-03 00:00:00,42,34,41,57,62,56
729,7,2019-07-03 00:00:00,48,19,66,91,52,66
730,3,2019-07-03 00:00:00,42,18,9,91,89,3
731,7,2019-07-03 00:00:00,74,98,39,46,48,80
732,3,2019-07-03 00:00:00,78,5,89,66,7,57
733,4,2019-07-03 00:00:00,36,76,26,83,20,26
734,7,2019-07-03 00:00:00,88,20,86,4,4,32
735,2,2019-07-03 00:00:00,9,97,74,88,54,99
736,7,2019-07-03 00:00:00,63,95,70,91,28,29
737,1,2019-07-03 00:00:00,47,53,95,21,52,25
738,5,2019-07-03 00:00:00,74,3,23,11,45,13
739,10,2019-07-03 00:00:00,31,100,24,59,63,54
740,4,2019-07-03 00:00:00,44,83,76,27,84,28
741,5,2019-07-03 00:00:00,99,12,5,63,80,78
742,5,2019-07-03 00:00:00,11,31,21,15,98,39
743,4,2019-07-03 00:00:00,54,49,33,94,71,69
744,9,2019-07-03 00:00:00,27,21,66,92,48,44
745,5,2019-07-03 00:00:00,19,83,31,14,50,88
746,1,2019-07-03 00:00:00,92,26,24,84,6,87
747,7,2019-07-03 00:00:00,11,32,49,95,27,77
748,7,2019-07-03 00:00:00,36,96,66,86,87,58
749,8,2019-07-03 00:00:00,90,100,79,75,71,37
750,7,2019-07-03 00:00:00,80,94,100,51,42,39
751,10,2019-07-03 00:00:00,21,93,45,14,83,85
752,8,2019-07-03 00:00:00,57,75,86,21,18,53
753,2,2019-07-03 00:00:00,86,58,18,22,32,46
754,9,2019-07-03 00:00:00,24,6,70,38,25,11
755,4,2019-07-03 00:00:00,71,84,57,36,30,31
756,5,2019-07-03 00:00:00,45,35,35,55,23,12
757,7,2019-07-03 00:00:00,75,69,57,69,47,13
758,7,2019-07-03 00:00:00,72,95,94,38,54,76
759,5,2019-07-03 00:00:00,42,3,30,34,73,85
760,5,2019-07-03 00:00:00,81,41,68,81,50,13
761,1,2019-07-03 00:00:00,82,47,54,53,70,69
762,2,2019-07-03 00:00:00,89,6,5,15,14,28
763,9,2019-07-03 00:00:00,10,73,71,72,4,82
764,2,2019-07-03 00:00:00,78,37,46,78,22,85
765,7,2019-07-03 00:00:00,68,83,67,22,7,81
766,9,2019-07-03 00:00:00,4,72,64,37,47,6
767,4,2019-07-03 00:00:00,96,66,37,71,53,11
768,10,2019-07-03 00:00:00,5,53,23,64,55,82
769,9,2019-07-03 00:00:00,58,67,4,22,94,78
770,9,2019-07-03 00:00:00,84,9,24,56,94,89
771,5,2019-07-03 00:00:00,85,3,97,87,73,26
772,3,2019-07-03 00:00:00,27,17,57,86,1,97
773,3,2019-07-03 00:00:00,35,88,18,11,46,72
774,2,2019-07-03 00:00:00,45,45,31,58,41,8
775,4,2019-07-03 00:00:00,87,45,14,99,32,90
776,4,2019-07-03 00:00:00,30,46,13,75,73,31
777,2,2019-07-03 00:00:00,14,17,89,24,11,61
778,10,2019-07-03 00:00:00,80,73,90,62,87,51
779,8,2019-07-03 00:00:00,51,75,18,32,100,93
780,7,2019-07-03 00:00:00,75,35,78,81,71,3
781,2,2019-07-03 00:00:00,82,69,70,15,55,87
782,4,2019-07-03 00:00:00,43,22,4,45,87,18
783,7,2019-07-03 00:00:00,61,33,97,98,100,9
784,8,2019-07-03 00:00:00,18,42,57,2,16,92
785,3,2019-07-03 00:00:00,44,100,72,11,12,45
786,4,2019-07-03 00:00:00,78,42,19,72,5,25
787,1,2019-07-03 00:00:00,77,41,90,24,38,6
788,9,2019-07-03 00:00:00,48,68,33,16,63,88
789,8,2019-07-03 00:00:00,26,93,85,37,81,79
790,5,2019-07-03 00:00:00,73,30,94,82,90,61
791,9,2019-07-03 00:00:00,7,66,87,2,57,5
792,2,2019-07-03 00:00:00,52,55,57,27,95,13
793,9,2019-07-03 00:00:00,1,5,24,30,26,60
794,1,2019-07-03 00:00:00,41,69,92,4,75,57
795,3,2019-07-03 00:00:00,69,19,86,55,21,23
796,9,2019-07-03 00:00:00,43,88,56,43,59,2
797,7,2019-07-03 00:00:00,100,61,46,76,77,81
798,9,2019-07-03 00:00:00,15,97,86,43,34,73
799,4,2019-07-03 00:00:00,80,11,5,81,67,43
800,4,2019-07-03 00:00:00,66,56,96,19,4,26
801,1,2019-07-03 00:00:00,41,22,93,25,61,2
802,3,2019-07-03 00:00:00,71,36,87,52,94,43
803,4,2019-07-03 00:00:00,21,40,62,93,15,58
804,5,2019-07-03 00:00:00,88,15,42,48,90,1
805,10,2019-07-03 00:00:00,40,59,45,80,80,60
806,6,2019-07-03 00:00:00,45,25,4,51,78,89
807,5,2019-07-03 00:00:00,72,98,42,75,6,23
808,4,2019-07-03 00:00:00,75,73,27,96,37,23
809,9,2019-07-03 00:00:00,85,66,77,73,96,79
810,3,2019-07-03 00:00:00,47,29,49,21,46,63
811,10,2019-07-03 00:00:00,76,1,32,88,52,88
812,7,2019-07-03 00:00:00,11,53,44,49,82,60
813,2,2019-07-03 00:00:00,50,97,55,49,92,56
814,3,2019-07-03 00:00:00,2,50,93,41,56,30
815,8,2019-07-03 00:00:00,8,6,89,88,24,72
816,10,2019-07-03 00:00:00,22,87,99,50,59,24
817,6,2019-07-03 00:00:00,32,39,93,76,90,10
818,5,2019-07-03 00:00:00,78,67,18,19,24,64
819,1,2019-07-03 00:00:00,1,86,94,19,76,31
820,9,2019-07-03 00:00:00,55,10,86,14,84,31
821,5,2019-07-03 00:00:00,91,15,29,67,38,68
822,1,2019-07-03 00:00:00,13,57,51,48,91,35
823,4,2019-07-03 00:00:00,66,45,9,30,2,44
824,10,2019-07-03 00:00:00,65,29,86,10,10,96
825,6,2019-07-03 00:00:00,13,31,52,21,32,95
826,9,2019-07-03 00:00:00,44,21,16,69,62,7
827,8,2019-07-03 00:00:00,73,97,45,44,8,60
828,4,2019-07-03 00:00:00,74,52,58,67,33,59
829,9,2019-07-03 00:00:00,26,10,35,60,5,5
830,10,2019-07-03 00:00:00,5,66,62,73,7,96
831,7,2019-07-03 00:00:00,85,18,70,28,88,39
832,8,2019-07-03 00:00:00,59,1,60,49,77,67
833,10,2019-07-03 00:00:00,10,41,97,39,35,32
834,8,2019-07-03 00:00:00,88,21,12,46,85,88
835,8,2019-07-03 00:00:00,52,51,73,88,29,97
836,8,2019-07-03 00:00:00,55,7,9,20,49,59
837,8,2019-07-03 00:00:00,73,25,83,7,100,15
838,8,2019-07-03 00:00:00,60,61,69,75,80,11
839,8,2019-07-03 00:00:00,25,100,98,24,39,66
840,4,2019-07-03 00:00:00,32,36,52,90,1,44
841,7,2019-07-03 00:00:00,8,6,41,47,80,90
842,10,2019-07-03 00:00:00,26,47,75,84,2,41
843,2,2019-07-03 00:00:00,78,93,46,86,55,25
844,7,2019-07-03 00:00:00,24,52,44,39,21,14
845,7,2019-07-03 00:00:00,97,61,45,55,57,85
846,1,2019-07-03 00:00:00,21,86,73,7,61,49
847,6,2019-07-03 00:00:00,87,86,26,54,50,97
848,3,2019-07-03 00:00:00,74,19,70,79,5,96
849,1,2019-07-03 00:00:00,19,65,42,28,90,24
850,6,2019-07-03 00:00:00,11,88,82,98,25,32
851,4,2019-07-03 00:00:00,43,39,35,75,70,22
852,4,2019-07-03 00:00:00,62,45,84,77,55,98
853,3,2019-07-03 00:00:00,95,3,46,16,22,23
854,9,2019-07-03 00:00:00,29,10,8,93,84,8
855,2,2019-07-03 00:00:00,92,76,34,94,40,49
856,9,2019-07-03 00:00:00,64,52,64,84,85,63
857,7,2019-07-03 00:00:00,59,86,26,52,22,56
858,5,2019-07-03 00:00:00,86,84,48,44,6,33
859,7,2019-07-03 00:00:00,1,9,88,46,85,56
860,10,2019-07-03 00:00:00,17,84,83,8,29,5
861,7,2019-07-03 00:00:00,95,75,62,85,23,85
862,8,2019-07-03 00:00:00,97,49,37,85,77,31
863,1,2019-07-03 00:00:00,38,80,84,11,98,16
864,1,2019-07-03 00:00:00,6,17,65,78,47,54
865,2,2019-07-03 00:00:00,49,43,22,95,70,40
866,6,2019-07-03 00:00:00,49,28,94,61,14,31
867,4,2019-07-03 00:00:00,65,90,53,81,37,93
868,2,2019-07-03 00:00:00,48,97,86,34,69,17
869,8,2019-07-03 00:00:00,65,77,82,64,80,33
870,7,2019-07-03 00:00:00,1,68,92,48,83,27
871,3,2019-07-03 00:00:00,51,1,95,74,75,72
872,3,2019-07-03 00:00:00,30,36,9,59,79,29
873,8,2019-07-03 00:00:00,56,27,79,91,19,90
874,6,2019-07-03 00:00:00,99,57,38,88,15,70
875,6,2019-07-03 00:00:00,63,29,59,50,50,35
876,2,2019-07-03 00:00:00,65,84,17,79,64,59
877,5,2019-07-03 00:00:00,47,88,75,88,16,95
878,7,2019-07-03 00:00:00,66,97,40,92,80,55
879,1,2019-07-03 00:00:00,71,58,72,8,35,36
880,3,2019-07-03 00:00:00,11,14,36,79,86,59
881,8,2019-07-03 00:00:00,65,77,27,52,4,23
882,6,2019-07-03 00:00:00,31,32,13,51,69,24
883,9,2019-07-03 00:00:00,64,60,5,22,52,14
884,4,2019-07-03 00:00:00,88,66,71,79,3,17
885,2,2019-07-03 00:00:00,5,53,23,42,23,5
886,7,2019-07-03 00:00:00,40,65,74,62,67,73
887,5,2019-07-03 00:00:00,92,36,5,32,13,21
888,4,2019-07-03 00:00:00,16,45,39,57,33,10
889,3,2019-07-03 00:00:00,39,15,38,88,1,28
890,5,2019-07-03 00:00:00,61,88,47,73,53,54
891,9,2019-07-03 00:00:00,20,84,55,85,41,77
892,5,2019-07-03 00:00:00,67,63,65,42,64,12
893,2,2019-07-03 00:00:00,18,70,76,3,60,82
894,7,2019-07-03 00:00:00,76,48,55,24,11,95
895,8,2019-07-03 00:00:00,58,21,80,86,73,64
896,7,2019-07-03 00:00:00,84,52,70,86,58,63
897,4,2019-07-03 00:00:00,93,3,97,42,95,59
898,9,2019-07-03 00:00:00,23,88,75,76,61,17
899,3,2019-07-03 00:00:00,68,90,34,9,21,57
900,1,2019-07-03 00:00:00,56,72,99,87,15,42
901,1,2019-07-04 00:00:00,25,25,66,8,34,58
902,5,2019-07-04 00:00:00,12,51,66,72,92,11
903,3,2019-07-04 00:00:00,90,39,73,6,73,30
904,5,2019-07-04 00:00:00,23,29,9,52,7,56
905,8,2019-07-04 00:00:00,47,41,43,20,69,6
906,4,2019-07-04 00:00:00,32,75,95,16,50,71
907,6,2019-07-04 00:00:00,13,19,43,77,6,22
908,3,2019-07-04 00:00:00,75,25,100,22,73,14
909,4,2019-07-04 00:00:00,6,76,86,15,15,94
910,3,2019-07-04 00:00:00,36,22,90,1,60,20
911,3,2019-07-04 00:00:00,77,51,29,34,6,88
912,2,2019-07-04 00:00:00,27,95,40,15,88,90
913,1,2019-07-04 00:00:00,54,40,82,45,51,74
914,7,2019-07-04 00:00:00,17,36,82,54,40,45
915,8,2019-07-04 00:00:00,55,63,12,78,12,38
916,2,2019-07-04 00:00:00,82,14,81,26,17,72
917,1,2019-07-04 00:00:00,84,49,77,91,18,33
918,9,2019-07-04 00:00:00,73,67,41,57,85,71
919,2,2019-07-04 00:00:00,78,52,64,78,85,74
920,7,2019-07-04 00:00:00,89,23,44,90,8,78
921,6,2019-07-04 00:00:00,26,94,8,32,98,25
922,6,2019-07-04 00:00:00,81,21,60,84,24,72
923,8,2019-07-04 00:00:00,100,1,5,10,84,30
924,2,2019-07-04 00:00:00,26,89,49,88,55,36
925,2,2019-07-04 00:00:00,88,25,65,36,87,43
926,10,2019-07-04 00:00:00,65,52,45,37,20,84
927,3,2019-07-04 00:00:00,15,89,24,30,53,23
928,1,2019-07-04 00:00:00,14,75,67,9,53,12
929,2,2019-07-04 00:00:00,40,49,4,89,34,71
930,3,2019-07-04 00:00:00,37,29,31,8,74,24
931,10,2019-07-04 00:00:00,96,42,38,97,1,8
932,6,2019-07-04 00:00:00,100,14,69,33,50,17
933,2,2019-07-04 00:00:00,53,43,21,30,79,50
934,4,2019-07-04 00:00:00,55,33,94,62,29,99
935,8,2019-07-04 00:00:00,85,56,18,41,20,92
936,1,2019-07-04 00:00:00,66,52,53,49,97,83
937,2,2019-07-04 00:00:00,80,25,44,79,44,15
938,6,2019-07-04 00:00:00,32,80,75,18,2,27
939,8,2019-07-04 00:00:00,96,48,47,94,35,12
940,4,2019-07-04 00:00:00,64,63,94,26,71,27
941,8,2019-07-04 00:00:00,33,53,24,12,45,78
942,1,2019-07-04 00:00:00,79,42,85,99,13,19
943,7,2019-07-04 00:00:00,95,16,82,9,15,74
944,10,2019-07-04 00:00:00,67,6,82,53,84,97
945,1,2019-07-04 00:00:00,83,87,69,82,65,15
946,8,2019-07-04 00:00:00,32,77,36,2,28,7
947,7,2019-07-04 00:00:00,97,41,32,15,75,81
948,3,2019-07-04 00:00:00,36,4,41,82,8,72
949,7,2019-07-04 00:00:00,13,72,11,42,11,33
950,4,2019-07-04 00:00:00,99,15,66,20,12,70
951,10,2019-07-04 00:00:00,98,79,94,73,94,31
952,7,2019-07-04 00:00:00,15,80,44,90,61,6
953,1,2019-07-04 00:00:00,5,70,54,70,19,91
954,7,2019-07-04 00:00:00,15,57,26,43,8,31
955,3,2019-07-04 00:00:00,40,100,43,1,98,2
956,4,2019-07-04 00:00:00,66,89,7,4,82,87
957,1,2019-07-04 00:00:00,9,97,21,41,85,99
958,1,2019-07-04 00:00:00,23,44,4,68,75,94
959,2,2019-07-04 00:00:00,16,5,75,75,98,88
960,1,2019-07-04 00:00:00,72,10,1,7,96,45
961,3,2019-07-04 00:00:00,69,21,46,18,58,8
962,2,2019-07-04 00:00:00,23,22,64,13,22,33
963,3,2019-07-04 00:00:00,5,53,34,93,55,72
964,5,2019-07-04 00:00:00,38,57,100,86,32,100
965,3,2019-07-04 00:00:00,60,33,73,43,84,77
966,7,2019-07-04 00:00:00,75,71,78,39,71,71
967,3,2019-07-04 00:00:00,24,62,40,60,92,60
968,3,2019-07-04 00:00:00,75,46,1,18,46,92
969,3,2019-07-04 00:00:00,80,10,47,50,6,43
970,10,2019-07-04 00:00:00,72,76,33,76,15,63
971,5,2019-07-04 00:00:00,10,71,81,8,46,17
972,1,2019-07-04 00:00:00,4,95,95,29,8,24
973,1,2019-07-04 00:00:00,1,73,13,20,92,1
974,9,2019-07-04 00:00:00,15,13,92,89,69,2
975,9,2019-07-04 00:00:00,87,25,14,54,36,45
976,9,2019-07-04 00:00:00,99,78,30,18,79,21
977,2,2019-07-04 00:00:00,28,8,15,5,89,99
978,8,2019-07-04 00:00:00,97,66,91,8,74,28
979,5,2019-07-04 00:00:00,14,65,20,21,71,74
980,8,2019-07-04 00:00:00,67,21,77,83,28,45
981,4,2019-07-04 00:00:00,20,65,64,37,1,72
982,3,2019-07-04 00:00:00,48,15,64,33,9,50
983,3,2019-07-04 00:00:00,18,49,45,4,24,27
984,10,2019-07-04 00:00:00,65,34,23,27,88,14
985,10,2019-07-04 00:00:00,14,7,99,80,97,42
986,7,2019-07-04 00:00:00,48,74,62,60,57,14
987,7,2019-07-04 00:00:00,53,78,8,30,46,68
988,8,2019-07-04 00:00:00,20,59,63,56,42,51
989,9,2019-07-04 00:00:00,2,18,78,10,53,56
990,3,2019-07-04 00:00:00,24,74,78,48,68,53
991,6,2019-07-04 00:00:00,81,46,52,13,90,92
992,1,2019-07-04 00:00:00,72,56,6,40,57,88
993,7,2019-07-04 00:00:00,36,90,59,12,1,33
994,7,2019-07-04 00:00:00,18,39,95,34,78,7
995,5,2019-07-04 00:00:00,24,75,59,88,91,85
996,6,2019-07-04 00:00:00,98,43,19,31,90,90
997,8,2019-07-04 00:00:00,23,95,45,81,32,68
998,4,2019-07-04 00:00:00,47,29,95,50,89,30
999,4,2019-07-04 00:00:00,59,49,32,10,20,46
1000,1,2019-07-04 00:00:00,45,2,57,18,32,85
1001,3,2019-07-04 00:00:00,22,35,88,8,11,10
1002,8,2019-07-04 00:00:00,78,79,77,87,8,59
1003,3,2019-07-04 00:00:00,26,29,19,70,30,84
1004,5,2019-07-04 00:00:00,55,46,37,64,30,91
1005,5,2019-07-04 00:00:00,28,53,96,88,87,65
1006,7,2019-07-04 00:00:00,25,48,90,11,95,36
1007,3,2019-07-04 00:00:00,56,30,30,86,99,32
1008,5,2019-07-04 00:00:00,20,62,3,31,79,89
1009,7,2019-07-04 00:00:00,85,57,68,7,13,9
1010,8,2019-07-04 00:00:00,13,56,22,70,27,62
1011,8,2019-07-04 00:00:00,40,28,49,17,78,55
1012,4,2019-07-04 00:00:00,4,75,63,77,30,52
1013,4,2019-07-04 00:00:00,20,75,49,5,42,14
1014,3,2019-07-04 00:00:00,56,75,51,66,84,2
1015,10,2019-07-04 00:00:00,78,96,30,38,95,42
1016,2,2019-07-04 00:00:00,78,75,9,97,5,7
1017,1,2019-07-04 00:00:00,38,94,24,99,29,38
1018,1,2019-07-04 00:00:00,71,46,51,96,89,14
1019,2,2019-07-04 00:00:00,93,53,4,86,3,8
1020,3,2019-07-04 00:00:00,53,84,61,25,59,100
1021,5,2019-07-04 00:00:00,3,77,62,1,93,63
1022,1,2019-07-04 00:00:00,99,68,40,22,8,38
1023,1,2019-07-04 00:00:00,99,44,64,88,100,31
1024,1,2019-07-04 00:00:00,49,16,91,60,11,20
1025,4,2019-07-04 00:00:00,24,66,43,28,5,9
1026,4,2019-07-04 00:00:00,72,36,5,59,98,29
1027,5,2019-07-04 00:00:00,38,89,74,88,86,76
1028,3,2019-07-04 00:00:00,45,61,95,42,73,56
1029,9,2019-07-04 00:00:00,98,55,56,67,98,1
1030,3,2019-07-04 00:00:00,69,59,62,7,100,38
1031,4,2019-07-04 00:00:00,27,98,14,43,67,42
1032,9,2019-07-04 00:00:00,30,4,49,4,50,63
1033,8,2019-07-04 00:00:00,41,56,95,57,56,56
1034,10,2019-07-04 00:00:00,68,46,43,34,63,27
1035,3,2019-07-04 00:00:00,90,81,20,98,87,74
1036,7,2019-07-04 00:00:00,71,81,87,87,7,12
1037,2,2019-07-04 00:00:00,67,81,92,77,91,69
1038,6,2019-07-04 00:00:00,62,30,69,36,63,26
1039,8,2019-07-04 00:00:00,91,37,54,11,42,43
1040,2,2019-07-04 00:00:00,41,80,71,13,5,37
1041,3,2019-07-04 00:00:00,16,60,29,35,93,49
1042,6,2019-07-04 00:00:00,95,95,19,19,72,100
1043,5,2019-07-04 00:00:00,83,76,61,22,59,25
1044,8,2019-07-04 00:00:00,10,21,40,68,86,12
1045,1,2019-07-04 00:00:00,81,5,44,87,68,25
1046,9,2019-07-04 00:00:00,81,49,47,23,82,30
1047,7,2019-07-04 00:00:00,96,75,75,21,70,19
1048,6,2019-07-04 00:00:00,31,48,99,66,37,23
1049,7,2019-07-04 00:00:00,96,84,44,58,26,24
1050,8,2019-07-04 00:00:00,78,22,86,29,75,81
1051,10,2019-07-04 00:00:00,49,23,68,60,38,12
1052,2,2019-07-04 00:00:00,94,57,4,58,98,23
1053,4,2019-07-04 00:00:00,13,44,6,47,26,47
1054,3,2019-07-04 00:00:00,55,87,40,46,10,61
1055,10,2019-07-04 00:00:00,31,75,87,22,69,29
1056,6,2019-07-04 00:00:00,2,17,75,77,42,87
1057,6,2019-07-04 00:00:00,71,60,72,53,36,18
1058,8,2019-07-04 00:00:00,49,18,86,21,8,18
1059,1,2019-07-04 00:00:00,98,58,22,40,43,72
1060,4,2019-07-04 00:00:00,79,90,40,68,21,80
1061,6,2019-07-04 00:00:00,21,70,70,79,22,82
1062,10,2019-07-04 00:00:00,20,44,58,41,26,39
1063,2,2019-07-04 00:00:00,24,35,38,52,46,13
1064,2,2019-07-04 00:00:00,14,58,100,16,84,32
1065,3,2019-07-04 00:00:00,64,9,59,44,90,95
1066,5,2019-07-04 00:00:00,16,96,2,93,11,15
1067,4,2019-07-04 00:00:00,2,82,73,51,68,31
1068,6,2019-07-04 00:00:00,99,5,86,72,58,7
1069,9,2019-07-04 00:00:00,46,62,36,34,27,26
1070,5,2019-07-04 00:00:00,48,78,9,8,21,73
1071,7,2019-07-04 00:00:00,97,62,74,71,17,76
1072,6,2019-07-04 00:00:00,97,73,93,97,32,32
1073,5,2019-07-04 00:00:00,94,26,17,13,65,51
1074,3,2019-07-04 00:00:00,26,10,90,19,38,69
1075,10,2019-07-04 00:00:00,87,87,93,27,93,39
1076,8,2019-07-04 00:00:00,61,45,88,44,61,54
1077,7,2019-07-04 00:00:00,61,97,9,45,25,72
1078,10,2019-07-04 00:00:00,88,51,21,72,98,61
1079,8,2019-07-04 00:00:00,58,95,38,49,73,78
1080,2,2019-07-04 00:00:00,52,7,73,30,49,21
1081,6,2019-07-04 00:00:00,87,92,55,75,14,8
1082,1,2019-07-04 00:00:00,60,25,42,26,41,51
1083,7,2019-07-04 00:00:00,61,19,59,74,23,82
1084,6,2019-07-04 00:00:00,38,76,20,7,32,72
1085,6,2019-07-04 00:00:00,44,53,26,31,88,29
1086,7,2019-07-04 00:00:00,9,9,96,19,17,62
1087,7,2019-07-04 00:00:00,70,24,67,59,93,12
1088,4,2019-07-04 00:00:00,51,64,7,57,66,81
1089,9,2019-07-04 00:00:00,32,19,97,100,24,84
1090,8,2019-07-04 00:00:00,88,56,28,7,54,14
1091,6,2019-07-04 00:00:00,22,7,44,83,64,48
1092,3,2019-07-04 00:00:00,18,15,78,16,13,53
1093,3,2019-07-04 00:00:00,60,37,17,97,40,69
1094,6,2019-07-04 00:00:00,14,2,62,96,79,12
1095,7,2019-07-04 00:00:00,67,19,58,49,52,25
1096,8,2019-07-04 00:00:00,67,16,58,21,33,38
1097,5,2019-07-04 00:00:00,85,35,90,40,36,26
1098,7,2019-07-04 00:00:00,9,98,52,36,44,80
1099,3,2019-07-04 00:00:00,91,52,26,21,34,80
1100,8,2019-07-04 00:00:00,52,67,31,27,26,54
1101,2,2019-07-04 00:00:00,67,13,17,46,73,12
1102,3,2019-07-04 00:00:00,37,43,53,61,51,94
1103,3,2019-07-04 00:00:00,17,16,95,64,17,93
1104,2,2019-07-04 00:00:00,53,82,94,4,49,67
1105,8,2019-07-04 00:00:00,79,70,79,89,11,32
1106,3,2019-07-04 00:00:00,21,63,29,46,45,46
1107,9,2019-07-04 00:00:00,29,59,25,42,29,18
1108,6,2019-07-04 00:00:00,76,94,69,9,23,67
1109,7,2019-07-04 00:00:00,94,10,41,88,42,22
1110,8,2019-07-04 00:00:00,89,2,62,72,13,50
1111,7,2019-07-04 00:00:00,20,61,14,87,27,18
1112,5,2019-07-04 00:00:00,2,59,75,58,47,56
1113,6,2019-07-04 00:00:00,97,14,7,74,67,74
1114,10,2019-07-04 00:00:00,25,81,59,16,1,62
1115,2,2019-07-04 00:00:00,73,44,33,25,67,71
1116,8,2019-07-04 00:00:00,8,59,62,96,24,18
1117,4,2019-07-04 00:00:00,96,27,18,42,54,42
1118,5,2019-07-04 00:00:00,41,8,91,83,3,28
1119,4,2019-07-04 00:00:00,23,24,60,77,84,56
1120,10,2019-07-04 00:00:00,80,87,71,23,85,44
1121,5,2019-07-04 00:00:00,89,18,70,51,42,72
1122,2,2019-07-04 00:00:00,28,4,55,6,30,41
1123,5,2019-07-04 00:00:00,82,42,96,46,6,86
1124,2,2019-07-04 00:00:00,70,47,17,55,67,24
1125,2,2019-07-04 00:00:00,62,39,62,28,15,80
1126,10,2019-07-04 00:00:00,89,66,48,64,90,22
1127,4,2019-07-04 00:00:00,57,71,88,53,52,61
1128,5,2019-07-04 00:00:00,73,68,67,41,85,24
1129,9,2019-07-04 00:00:00,9,26,89,45,80,52
1130,1,2019-07-04 00:00:00,65,79,68,15,71,50
1131,5,2019-07-04 00:00:00,26,49,92,72,81,94
1132,5,2019-07-04 00:00:00,63,72,51,79,69,76
1133,4,2019-07-04 00:00:00,63,30,95,67,60,36
1134,9,2019-07-04 00:00:00,87,42,8,34,10,27
1135,5,2019-07-04 00:00:00,47,72,62,91,55,61
1136,9,2019-07-04 00:00:00,57,12,88,43,86,58
1137,5,2019-07-04 00:00:00,58,32,16,61,46,65
1138,1,2019-07-04 00:00:00,12,78,97,38,78,64
1139,3,2019-07-04 00:00:00,54,73,18,81,22,10
1140,9,2019-07-04 00:00:00,62,98,68,78,96,54
1141,2,2019-07-04 00:00:00,60,100,51,79,99,21
1142,5,2019-07-04 00:00:00,36,21,93,96,7,58
1143,3,2019-07-04 00:00:00,51,25,15,76,61,68
1144,10,2019-07-04 00:00:00,78,89,32,69,77,29
1145,3,2019-07-04 00:00:00,27,7,6,92,54,24
1146,10,2019-07-04 00:00:00,40,37,56,100,30,36
1147,6,2019-07-04 00:00:00,2,16,26,61,45,23
1148,10,2019-07-04 00:00:00,89,91,52,44,62,21
1149,10,2019-07-04 00:00:00,93,83,41,18,45,34
1150,4,2019-07-04 00:00:00,54,48,92,19,57,50
1151,8,2019-07-04 00:00:00,24,51,68,78,79,46
1152,6,2019-07-04 00:00:00,5,54,92,29,75,62
1153,8,2019-07-04 00:00:00,60,43,95,55,82,13
1154,5,2019-07-04 00:00:00,86,42,55,22,31,91
1155,7,2019-07-04 00:00:00,10,54,77,72,8,21
1156,6,2019-07-04 00:00:00,91,42,10,27,4,85
1157,7,2019-07-04 00:00:00,69,63,12,70,33,80
1158,8,2019-07-04 00:00:00,19,11,69,90,14,57
1159,9,2019-07-04 00:00:00,82,73,35,77,71,57
1160,7,2019-07-04 00:00:00,45,61,16,5,10,50
1161,5,2019-07-04 00:00:00,33,36,67,46,80,34
1162,6,2019-07-04 00:00:00,28,46,42,60,58,44
1163,1,2019-07-04 00:00:00,1,71,18,26,13,64
1164,9,2019-07-04 00:00:00,66,98,79,95,51,94
1165,7,2019-07-04 00:00:00,88,88,90,87,90,31
1166,1,2019-07-04 00:00:00,67,70,33,40,33,31
1167,7,2019-07-04 00:00:00,31,31,60,13,77,47
1168,8,2019-07-04 00:00:00,56,30,75,12,42,79
1169,10,2019-07-04 00:00:00,100,74,43,20,43,23
1170,6,2019-07-04 00:00:00,12,93,2,86,86,55
1171,6,2019-07-04 00:00:00,58,60,41,49,30,9
1172,8,2019-07-04 00:00:00,21,5,6,97,68,38
1173,8,2019-07-04 00:00:00,96,87,13,84,80,77
1174,9,2019-07-04 00:00:00,19,53,91,64,91,30
1175,6,2019-07-04 00:00:00,86,78,44,4,20,18
1176,4,2019-07-04 00:00:00,73,23,1,84,73,30
1177,2,2019-07-04 00:00:00,73,51,14,29,89,43
1178,7,2019-07-04 00:00:00,18,4,49,7,86,40
1179,4,2019-07-04 00:00:00,62,49,34,71,62,18
1180,4,2019-07-04 00:00:00,90,79,97,7,36,88
1181,4,2019-07-04 00:00:00,58,63,82,32,13,1
1182,8,2019-07-04 00:00:00,96,68,39,78,92,25
1183,6,2019-07-04 00:00:00,96,7,35,29,50,39
1184,8,2019-07-04 00:00:00,96,76,90,95,9,66
1185,7,2019-07-04 00:00:00,90,81,73,57,94,81
1186,2,2019-07-04 00:00:00,46,88,23,87,91,22
1187,5,2019-07-04 00:00:00,51,89,90,76,96,97
1188,10,2019-07-04 00:00:00,20,10,97,21,54,68
1189,10,2019-07-04 00:00:00,80,63,75,74,53,89
1190,1,2019-07-04 00:00:00,43,62,22,12,1,15
1191,6,2019-07-04 00:00:00,89,53,49,16,20,47
1192,5,2019-07-04 00:00:00,78,48,3,60,71,62
1193,3,2019-07-04 00:00:00,35,77,3,8,26,30
1194,4,2019-07-04 00:00:00,54,12,31,50,73,98
1195,5,2019-07-04 00:00:00,43,27,55,51,72,67
1196,8,2019-07-04 00:00:00,15,77,29,86,79,72
1197,9,2019-07-04 00:00:00,35,4,88,69,29,66
1198,2,2019-07-04 00:00:00,31,75,4,71,77,27
1199,3,2019-07-04 00:00:00,44,43,1,9,29,54
1200,9,2019-07-04 00:00:00,38,52,80,10,93,23
1201,9,2019-07-05 00:00:00,17,78,14,95,23,50
1202,9,2019-07-05 00:00:00,42,6,35,69,93,96
1203,4,2019-07-05 00:00:00,83,73,74,52,22,90
1204,4,2019-07-05 00:00:00,26,35,31,36,61,61
1205,4,2019-07-05 00:00:00,5,63,78,97,16,74
1206,5,2019-07-05 00:00:00,26,90,40,53,4,61
1207,5,2019-07-05 00:00:00,72,66,82,44,9,69
1208,7,2019-07-05 00:00:00,28,20,31,30,49,83
1209,1,2019-07-05 00:00:00,81,45,11,70,74,20
1210,10,2019-07-05 00:00:00,2,26,93,7,20,28
1211,2,2019-07-05 00:00:00,38,51,14,100,54,66
1212,8,2019-07-05 00:00:00,42,94,8,3,81,15
1213,5,2019-07-05 00:00:00,96,100,14,11,32,95
1214,9,2019-07-05 00:00:00,52,78,58,23,21,12
1215,7,2019-07-05 00:00:00,65,98,62,33,79,52
1216,5,2019-07-05 00:00:00,93,79,35,45,100,36
1217,4,2019-07-05 00:00:00,61,11,24,67,84,56
1218,9,2019-07-05 00:00:00,65,17,13,79,33,8
1219,1,2019-07-05 00:00:00,78,52,8,88,32,93
1220,6,2019-07-05 00:00:00,20,74,60,19,87,57
1221,9,2019-07-05 00:00:00,44,26,25,31,18,54
1222,4,2019-07-05 00:00:00,86,36,79,56,7,8
1223,2,2019-07-05 00:00:00,24,80,9,7,76,81
1224,3,2019-07-05 00:00:00,53,42,4,80,87,17
1225,10,2019-07-05 00:00:00,7,18,21,49,57,61
1226,4,2019-07-05 00:00:00,18,92,17,100,73,79
1227,10,2019-07-05 00:00:00,59,36,52,74,53,88
1228,3,2019-07-05 00:00:00,46,20,23,100,31,50
1229,2,2019-07-05 00:00:00,44,2,10,41,20,71
1230,3,2019-07-05 00:00:00,84,96,54,95,23,95
1231,6,2019-07-05 00:00:00,24,28,66,34,89,86
1232,5,2019-07-05 00:00:00,59,85,37,55,90,43
1233,4,2019-07-05 00:00:00,47,13,32,49,59,100
1234,9,2019-07-05 00:00:00,7,38,89,68,60,12
1235,4,2019-07-05 00:00:00,49,27,51,72,12,78
1236,9,2019-07-05 00:00:00,33,86,59,49,34,25
1237,2,2019-07-05 00:00:00,70,49,82,71,22,56
1238,8,2019-07-05 00:00:00,67,40,23,43,25,85
1239,1,2019-07-05 00:00:00,61,64,77,77,42,94
1240,1,2019-07-05 00:00:00,35,29,67,15,30,31
1241,6,2019-07-05 00:00:00,78,24,11,1,66,100
1242,2,2019-07-05 00:00:00,13,38,34,99,70,97
1243,5,2019-07-05 00:00:00,48,11,62,47,2,55
1244,3,2019-07-05 00:00:00,71,70,2,24,53,31
1245,8,2019-07-05 00:00:00,53,7,27,26,73,31
1246,2,2019-07-05 00:00:00,27,4,53,48,57,44
1247,5,2019-07-05 00:00:00,99,38,48,46,90,73
1248,9,2019-07-05 00:00:00,77,8,16,65,72,5
1249,6,2019-07-05 00:00:00,89,94,10,87,5,12
1250,5,2019-07-05 00:00:00,5,95,86,13,16,30
1251,7,2019-07-05 00:00:00,65,38,35,20,92,33
1252,10,2019-07-05 00:00:00,94,65,82,79,77,38
1253,3,2019-07-05 00:00:00,49,21,53,28,31,53
1254,10,2019-07-05 00:00:00,3,93,45,63,29,98
1255,9,2019-07-05 00:00:00,98,86,70,22,38,24
1256,8,2019-07-05 00:00:00,79,1,42,59,95,51
1257,1,2019-07-05 00:00:00,33,59,100,72,67,34
1258,2,2019-07-05 00:00:00,4,12,68,15,87,71
1259,2,2019-07-05 00:00:00,90,37,13,1,17,54
1260,5,2019-07-05 00:00:00,83,5,67,46,99,81
1261,9,2019-07-05 00:00:00,58,4,74,4,38,31
1262,7,2019-07-05 00:00:00,28,46,12,70,23,68
1263,5,2019-07-05 00:00:00,91,8,55,6,93,49
1264,8,2019-07-05 00:00:00,62,55,85,61,42,77
1265,5,2019-07-05 00:00:00,53,53,87,5,25,45
1266,9,2019-07-05 00:00:00,30,42,51,87,63,81
1267,2,2019-07-05 00:00:00,75,10,77,91,59,24
1268,9,2019-07-05 00:00:00,76,18,66,73,59,84
1269,9,2019-07-05 00:00:00,52,31,25,94,59,68
1270,7,2019-07-05 00:00:00,98,58,9,73,43,14
1271,10,2019-07-05 00:00:00,35,6,67,92,12,99
1272,10,2019-07-05 00:00:00,75,11,90,51,62,84
1273,2,2019-07-05 00:00:00,14,19,31,5,62,85
1274,7,2019-07-05 00:00:00,30,88,35,17,15,24
1275,9,2019-07-05 00:00:00,97,63,7,91,36,57
1276,2,2019-07-05 00:00:00,28,71,18,45,37,95
1277,2,2019-07-05 00:00:00,87,21,91,89,98,93
1278,5,2019-07-05 00:00:00,71,40,86,13,56,98
1279,7,2019-07-05 00:00:00,81,2,38,3,22,21
1280,10,2019-07-05 00:00:00,45,50,61,45,94,29
1281,9,2019-07-05 00:00:00,27,38,82,62,22,69
1282,4,2019-07-05 00:00:00,59,47,48,7,81,92
1283,9,2019-07-05 00:00:00,18,41,57,79,100,51
1284,9,2019-07-05 00:00:00,6,66,47,84,41,98
1285,3,2019-07-05 00:00:00,50,13,97,35,82,29
1286,6,2019-07-05 00:00:00,47,5,39,39,58,52
1287,1,2019-07-05 00:00:00,39,25,55,8,94,100
1288,3,2019-07-05 00:00:00,90,61,17,22,56,89
1289,8,2019-07-05 00:00:00,9,24,53,13,14,79
1290,9,2019-07-05 00:00:00,23,29,77,14,23,46
1291,6,2019-07-05 00:00:00,67,41,53,49,10,52
1292,8,2019-07-05 00:00:00,22,27,88,85,43,33
1293,2,2019-07-05 00:00:00,45,28,34,8,50,55
1294,9,2019-07-05 00:00:00,91,64,91,33,97,42
1295,5,2019-07-05 00:00:00,82,39,60,78,43,26
1296,7,2019-07-05 00:00:00,27,92,97,10,84,43
1297,6,2019-07-05 00:00:00,57,84,23,53,80,12
1298,2,2019-07-05 00:00:00,20,27,80,48,10,20
1299,4,2019-07-05 00:00:00,87,99,90,31,71,38
1300,2,2019-07-05 00:00:00,45,48,49,63,49,69
1301,1,2019-07-05 00:00:00,15,11,11,62,75,80
1302,9,2019-07-05 00:00:00,88,92,55,43,51,5
1303,3,2019-07-05 00:00:00,50,15,56,38,34,94
1304,6,2019-07-05 00:00:00,25,59,85,2,88,16
1305,3,2019-07-05 00:00:00,69,96,41,51,29,58
1306,1,2019-07-05 00:00:00,79,29,62,28,17,75
1307,6,2019-07-05 00:00:00,97,32,75,56,100,22
1308,10,2019-07-05 00:00:00,29,7,96,28,39,32
1309,2,2019-07-05 00:00:00,22,5,79,20,58,10
1310,2,2019-07-05 00:00:00,43,67,44,11,91,16
1311,2,2019-07-05 00:00:00,68,75,11,77,71,74
1312,2,2019-07-05 00:00:00,16,66,86,33,90,33
1313,8,2019-07-05 00:00:00,77,88,47,53,75,71
1314,8,2019-07-05 00:00:00,100,98,61,15,43,60
1315,4,2019-07-05 00:00:00,48,41,96,76,81,75
1316,5,2019-07-05 00:00:00,56,9,88,53,38,3
1317,9,2019-07-05 00:00:00,60,63,19,23,22,87
1318,9,2019-07-05 00:00:00,75,7,8,43,91,66
1319,7,2019-07-05 00:00:00,3,1,80,78,90,19
1320,1,2019-07-05 00:00:00,22,58,79,27,21,6
1321,7,2019-07-05 00:00:00,44,35,34,28,67,38
1322,5,2019-07-05 00:00:00,52,91,58,33,85,43
1323,6,2019-07-05 00:00:00,96,57,54,10,62,48
1324,10,2019-07-05 00:00:00,82,30,84,94,57,52
1325,1,2019-07-05 00:00:00,96,59,55,25,77,15
1326,6,2019-07-05 00:00:00,18,13,92,6,87,11
1327,4,2019-07-05 00:00:00,70,4,14,81,62,61
1328,8,2019-07-05 00:00:00,20,36,73,23,31,79
1329,6,2019-07-05 00:00:00,68,51,39,40,41,95
1330,10,2019-07-05 00:00:00,81,39,29,74,70,82
1331,5,2019-07-05 00:00:00,3,40,8,86,30,57
1332,7,2019-07-05 00:00:00,41,38,7,81,94,99
1333,9,2019-07-05 00:00:00,15,78,67,45,75,92
1334,3,2019-07-05 00:00:00,62,70,13,31,99,38
1335,10,2019-07-05 00:00:00,63,90,11,100,61,99
1336,6,2019-07-05 00:00:00,4,83,7,45,79,31
1337,6,2019-07-05 00:00:00,71,98,34,50,35,93
1338,10,2019-07-05 00:00:00,44,49,10,21,33,47
1339,5,2019-07-05 00:00:00,21,69,65,38,54,96
1340,9,2019-07-05 00:00:00,16,85,96,30,42,38
1341,4,2019-07-05 00:00:00,40,84,96,83,56,77
1342,1,2019-07-05 00:00:00,48,15,77,89,45,70
1343,2,2019-07-05 00:00:00,89,95,42,31,9,81
1344,7,2019-07-05 00:00:00,90,74,8,95,14,66
1345,9,2019-07-05 00:00:00,4,91,44,67,60,90
1346,2,2019-07-05 00:00:00,45,74,61,33,97,32
1347,5,2019-07-05 00:00:00,16,3,17,53,57,15
1348,4,2019-07-05 00:00:00,39,8,1,74,14,69
1349,10,2019-07-05 00:00:00,21,21,63,78,1,81
1350,5,2019-07-05 00:00:00,64,83,58,4,84,1
1351,4,2019-07-05 00:00:00,69,87,71,36,24,38
1352,4,2019-07-05 00:00:00,90,94,97,22,85,25
1353,5,2019-07-05 00:00:00,51,58,19,76,20,40
1354,9,2019-07-05 00:00:00,65,5,86,40,2,15
1355,5,2019-07-05 00:00:00,10,49,42,17,76,4
1356,1,2019-07-05 00:00:00,92,23,78,87,66,11
1357,7,2019-07-05 00:00:00,46,58,35,45,7,37
1358,7,2019-07-05 00:00:00,21,63,21,37,27,5
1359,2,2019-07-05 00:00:00,88,93,52,51,64,17
1360,6,2019-07-05 00:00:00,73,41,40,18,98,36
1361,9,2019-07-05 00:00:00,25,76,15,26,44,29
1362,8,2019-07-05 00:00:00,52,49,19,27,35,33
1363,1,2019-07-05 00:00:00,96,61,70,39,93,70
1364,7,2019-07-05 00:00:00,44,89,2,28,47,5
1365,9,2019-07-05 00:00:00,89,44,14,31,20,82
1366,3,2019-07-05 00:00:00,11,19,71,83,78,13
1367,4,2019-07-05 00:00:00,55,55,50,27,29,31
1368,7,2019-07-05 00:00:00,4,15,9,37,54,7
1369,9,2019-07-05 00:00:00,90,27,13,67,66,35
1370,6,2019-07-05 00:00:00,59,38,48,31,78,97
1371,8,2019-07-05 00:00:00,22,40,23,32,6,2
1372,6,2019-07-05 00:00:00,52,4,3,51,98,91
1373,3,2019-07-05 00:00:00,20,25,2,73,30,89
1374,7,2019-07-05 00:00:00,98,9,86,84,18,7
1375,1,2019-07-05 00:00:00,88,36,36,20,69,84
1376,6,2019-07-05 00:00:00,88,88,86,93,51,98
1377,1,2019-07-05 00:00:00,8,69,100,65,89,18
1378,3,2019-07-05 00:00:00,79,25,71,53,16,82
1379,1,2019-07-05 00:00:00,59,74,59,37,19,60
1380,4,2019-07-05 00:00:00,72,58,58,17,64,30
1381,6,2019-07-05 00:00:00,16,43,95,35,11,74
1382,10,2019-07-05 00:00:00,21,28,39,57,58,87
1383,8,2019-07-05 00:00:00,64,88,60,4,73,85
1384,2,2019-07-05 00:00:00,81,10,39,8,92,70
1385,2,2019-07-05 00:00:00,3,27,28,86,21,76
1386,8,2019-07-05 00:00:00,8,15,42,92,29,94
1387,8,2019-07-05 00:00:00,46,100,92,33,93,8
1388,4,2019-07-05 00:00:00,17,39,90,80,67,57
1389,4,2019-07-05 00:00:00,3,84,83,95,65,35
1390,1,2019-07-05 00:00:00,25,72,10,8,9,40
1391,5,2019-07-05 00:00:00,27,60,48,40,12,4
1392,1,2019-07-05 00:00:00,92,90,61,44,90,67
1393,6,2019-07-05 00:00:00,44,47,76,95,68,73
1394,4,2019-07-05 00:00:00,13,15,98,30,13,55
1395,6,2019-07-05 00:00:00,65,73,7,34,27,84
1396,4,2019-07-05 00:00:00,80,3,86,16,63,89
1397,4,2019-07-05 00:00:00,15,62,74,47,4,23
1398,4,2019-07-05 00:00:00,43,53,51,4,71,54
1399,3,2019-07-05 00:00:00,11,36,21,85,63,65
1400,4,2019-07-05 00:00:00,51,82,48,9,19,35
1401,3,2019-07-05 00:00:00,41,60,7,12,70,27
1402,3,2019-07-05 00:00:00,83,99,53,65,85,1
1403,2,2019-07-05 00:00:00,74,79,24,22,32,71
1404,10,2019-07-05 00:00:00,73,40,1,90,81,8
1405,5,2019-07-05 00:00:00,53,47,52,38,64,83
1406,2,2019-07-05 00:00:00,70,41,61,17,25,82
1407,7,2019-07-05 00:00:00,3,2,69,46,51,79
1408,3,2019-07-05 00:00:00,4,15,36,71,83,16
1409,9,2019-07-05 00:00:00,15,44,94,61,59,22
1410,6,2019-07-05 00:00:00,41,22,38,59,50,74
1411,7,2019-07-05 00:00:00,49,69,10,56,15,27
1412,1,2019-07-05 00:00:00,81,49,65,85,26,51
1413,10,2019-07-05 00:00:00,81,42,50,75,79,77
1414,5,2019-07-05 00:00:00,70,45,63,94,64,11
1415,1,2019-07-05 00:00:00,90,20,35,16,87,3
1416,6,2019-07-05 00:00:00,47,15,28,42,76,4
1417,2,2019-07-05 00:00:00,24,39,23,75,87,97
1418,5,2019-07-05 00:00:00,54,49,91,81,62,86
1419,9,2019-07-05 00:00:00,62,65,97,74,51,50
1420,7,2019-07-05 00:00:00,14,32,91,17,96,49
1421,2,2019-07-05 00:00:00,97,12,38,33,9,10
1422,6,2019-07-05 00:00:00,34,92,29,89,64,57
1423,8,2019-07-05 00:00:00,78,88,80,41,75,57
1424,7,2019-07-05 00:00:00,99,23,68,21,82,59
1425,9,2019-07-05 00:00:00,10,38,72,54,53,2
1426,2,2019-07-05 00:00:00,79,94,54,13,52,91
1427,8,2019-07-05 00:00:00,96,81,65,13,79,53
1428,3,2019-07-05 00:00:00,5,68,78,90,62,32
1429,8,2019-07-05 00:00:00,45,82,95,2,18,24
1430,9,2019-07-05 00:00:00,77,56,53,7,33,52
1431,2,2019-07-05 00:00:00,86,40,87,18,19,48
1432,6,2019-07-05 00:00:00,43,77,76,80,78,44
1433,3,2019-07-05 00:00:00,65,76,5,96,85,74
1434,5,2019-07-05 00:00:00,31,28,58,76,75,14
1435,7,2019-07-05 00:00:00,63,59,75,1,89,34
1436,4,2019-07-05 00:00:00,10,92,46,15,93,47
1437,9,2019-07-05 00:00:00,30,7,51,78,91,7
1438,5,2019-07-05 00:00:00,48,85,57,88,68,84
1439,6,2019-07-05 00:00:00,40,55,10,57,36,30
1440,5,2019-07-05 00:00:00,20,11,79,33,14,47
1441,3,2019-07-05 00:00:00,81,10,11,46,49,74
1442,1,2019-07-05 00:00:00,62,99,49,90,53,14
1443,6,2019-07-05 00:00:00,88,44,82,36,49,46
1444,3,2019-07-05 00:00:00,21,25,31,71,80,18
1445,6,2019-07-05 00:00:00,2,17,7,9,83,70
1446,8,2019-07-05 00:00:00,26,90,80,45,91,83
1447,5,2019-07-05 00:00:00,80,74,37,83,100,99
1448,9,2019-07-05 00:00:00,17,72,76,17,85,4
1449,8,2019-07-05 00:00:00,82,57,49,15,88,92
1450,8,2019-07-05 00:00:00,67,61,93,42,28,16
1451,10,2019-07-05 00:00:00,26,33,58,43,37,55
1452,1,2019-07-05 00:00:00,79,49,5,4,3,85
1453,5,2019-07-05 00:00:00,97,74,62,91,12,38
1454,8,2019-07-05 00:00:00,26,62,73,52,71,68
1455,2,2019-07-05 00:00:00,43,80,41,23,72,71
1456,6,2019-07-05 00:00:00,61,81,72,24,77,40
1457,4,2019-07-05 00:00:00,44,11,93,49,17,87
1458,3,2019-07-05 00:00:00,11,73,33,88,8,6
1459,2,2019-07-05 00:00:00,36,17,73,26,69,76
1460,3,2019-07-05 00:00:00,61,74,65,15,11,96
1461,2,2019-07-05 00:00:00,94,32,4,90,57,75
1462,3,2019-07-05 00:00:00,62,94,7,95,65,18
1463,10,2019-07-05 00:00:00,90,28,64,30,76,76
1464,5,2019-07-05 00:00:00,4,63,26,9,92,42
1465,7,2019-07-05 00:00:00,37,50,56,37,60,81
1466,6,2019-07-05 00:00:00,97,19,46,100,9,19
1467,6,2019-07-05 00:00:00,26,31,9,27,86,40
1468,6,2019-07-05 00:00:00,99,58,14,100,28,18
1469,1,2019-07-05 00:00:00,62,57,65,23,84,75
1470,4,2019-07-05 00:00:00,78,30,31,18,100,1
1471,4,2019-07-05 00:00:00,33,89,9,10,9,21
1472,5,2019-07-05 00:00:00,100,87,21,98,29,93
1473,8,2019-07-05 00:00:00,31,58,88,9,4,69
1474,5,2019-07-05 00:00:00,2,18,5,99,10,77
1475,4,2019-07-05 00:00:00,59,41,24,88,28,93
1476,10,2019-07-05 00:00:00,38,64,17,18,15,87
1477,2,2019-07-05 00:00:00,7,83,97,9,3,12
1478,6,2019-07-05 00:00:00,42,98,6,93,76,10
1479,9,2019-07-05 00:00:00,23,80,10,43,57,69
1480,4,2019-07-05 00:00:00,5,7,92,26,77,26
1481,8,2019-07-05 00:00:00,57,46,76,45,34,96
1482,6,2019-07-05 00:00:00,92,76,94,85,1,31
1483,4,2019-07-05 00:00:00,57,52,81,44,70,25
1484,1,2019-07-05 00:00:00,4,18,60,73,19,78
1485,3,2019-07-05 00:00:00,48,77,43,34,18,19
1486,9,2019-07-05 00:00:00,84,64,69,8,9,42
1487,10,2019-07-05 00:00:00,68,76,82,13,50,88
1488,6,2019-07-05 00:00:00,29,68,11,72,20,47
1489,2,2019-07-05 00:00:00,77,83,47,80,4,70
1490,6,2019-07-05 00:00:00,71,44,75,40,66,71
1491,10,2019-07-05 00:00:00,6,87,48,86,71,41
1492,4,2019-07-05 00:00:00,89,13,28,31,61,3
1493,1,2019-07-05 00:00:00,18,51,3,34,39,85
1494,4,2019-07-05 00:00:00,53,96,79,74,60,31
1495,1,2019-07-05 00:00:00,87,41,28,90,61,54
1496,6,2019-07-05 00:00:00,17,44,45,87,63,39
1497,5,2019-07-05 00:00:00,23,86,48,31,14,39
1498,5,2019-07-05 00:00:00,93,21,94,91,25,60
1499,1,2019-07-05 00:00:00,99,32,71,56,23,36
1500,1,2019-07-05 00:00:00,21,68,40,44,40,13
1501,6,2019-07-06 00:00:00,9,49,54,27,79,15
1502,3,2019-07-06 00:00:00,92,44,34,81,92,66
1503,10,2019-07-06 00:00:00,5,45,26,48,17,50
1504,8,2019-07-06 00:00:00,79,22,34,76,11,24
1505,10,2019-07-06 00:00:00,26,52,14,90,49,98
1506,7,2019-07-06 00:00:00,51,21,9,72,76,71
1507,3,2019-07-06 00:00:00,89,65,44,84,68,9
1508,5,2019-07-06 00:00:00,27,95,99,74,70,65
1509,4,2019-07-06 00:00:00,69,43,92,30,86,36
1510,6,2019-07-06 00:00:00,60,27,3,52,31,74
1511,2,2019-07-06 00:00:00,80,72,95,5,87,93
1512,8,2019-07-06 00:00:00,40,15,86,58,75,7
1513,10,2019-07-06 00:00:00,34,58,21,83,29,6
1514,9,2019-07-06 00:00:00,16,40,64,22,91,71
1515,10,2019-07-06 00:00:00,2,45,86,23,98,76
1516,6,2019-07-06 00:00:00,76,83,98,16,17,6
1517,5,2019-07-06 00:00:00,77,41,28,44,25,12
1518,1,2019-07-06 00:00:00,69,92,89,35,78,7
1519,1,2019-07-06 00:00:00,59,64,74,15,71,98
1520,7,2019-07-06 00:00:00,100,85,38,84,95,64
1521,8,2019-07-06 00:00:00,51,3,85,98,55,46
1522,2,2019-07-06 00:00:00,100,4,22,40,35,83
1523,2,2019-07-06 00:00:00,6,19,69,96,66,81
1524,8,2019-07-06 00:00:00,5,87,51,69,72,55
1525,5,2019-07-06 00:00:00,50,55,43,47,69,19
1526,10,2019-07-06 00:00:00,27,9,96,28,27,11
1527,4,2019-07-06 00:00:00,25,86,7,17,5,69
1528,9,2019-07-06 00:00:00,56,25,22,97,26,61
1529,10,2019-07-06 00:00:00,96,5,84,15,43,52
1530,10,2019-07-06 00:00:00,77,69,88,41,48,4
1531,6,2019-07-06 00:00:00,73,23,99,25,60,6
1532,10,2019-07-06 00:00:00,45,51,46,29,48,62
1533,3,2019-07-06 00:00:00,10,21,31,18,59,19
1534,8,2019-07-06 00:00:00,51,27,23,53,33,55
1535,10,2019-07-06 00:00:00,16,85,55,66,23,37
1536,7,2019-07-06 00:00:00,25,29,55,15,68,72
1537,9,2019-07-06 00:00:00,9,54,76,53,90,19
1538,9,2019-07-06 00:00:00,53,86,17,40,44,49
1539,5,2019-07-06 00:00:00,14,75,30,86,15,33
1540,1,2019-07-06 00:00:00,31,35,40,22,13,40
1541,4,2019-07-06 00:00:00,31,83,47,86,36,21
1542,4,2019-07-06 00:00:00,95,58,52,77,78,73
1543,6,2019-07-06 00:00:00,41,41,50,92,10,29
1544,1,2019-07-06 00:00:00,55,96,39,37,61,56
1545,10,2019-07-06 00:00:00,50,49,54,48,54,78
1546,5,2019-07-06 00:00:00,19,31,10,8,74,1
1547,8,2019-07-06 00:00:00,71,78,37,85,61,29
1548,5,2019-07-06 00:00:00,25,15,80,98,61,87
1549,2,2019-07-06 00:00:00,12,11,79,81,49,7
1550,8,2019-07-06 00:00:00,75,11,51,14,41,41
1551,3,2019-07-06 00:00:00,88,43,52,97,42,83
1552,9,2019-07-06 00:00:00,88,25,4,73,68,58
1553,1,2019-07-06 00:00:00,21,35,65,94,82,51
1554,8,2019-07-06 00:00:00,97,89,9,17,20,84
1555,5,2019-07-06 00:00:00,43,66,79,10,49,47
1556,2,2019-07-06 00:00:00,81,52,81,6,58,33
1557,7,2019-07-06 00:00:00,94,68,31,27,7,43
1558,5,2019-07-06 00:00:00,33,19,2,85,98,98
1559,2,2019-07-06 00:00:00,52,59,99,39,35,70
1560,5,2019-07-06 00:00:00,78,69,36,100,81,9
1561,9,2019-07-06 00:00:00,46,38,17,38,87,90
1562,3,2019-07-06 00:00:00,54,100,33,28,6,22
1563,9,2019-07-06 00:00:00,34,23,36,100,96,79
1564,9,2019-07-06 00:00:00,29,22,39,38,76,82
1565,6,2019-07-06 00:00:00,87,22,2,55,19,19
1566,10,2019-07-06 00:00:00,38,21,69,9,32,70
1567,5,2019-07-06 00:00:00,92,63,18,70,99,98
1568,5,2019-07-06 00:00:00,30,76,33,32,12,75
1569,8,2019-07-06 00:00:00,36,75,30,100,3,76
1570,9,2019-07-06 00:00:00,46,98,16,65,34,56
1571,4,2019-07-06 00:00:00,19,20,7,16,27,81
1572,1,2019-07-06 00:00:00,48,98,16,34,74,69
1573,7,2019-07-06 00:00:00,57,69,8,86,13,79
1574,2,2019-07-06 00:00:00,6,18,16,79,46,73
1575,9,2019-07-06 00:00:00,21,88,58,10,71,68
1576,1,2019-07-06 00:00:00,26,32,56,61,41,16
1577,3,2019-07-06 00:00:00,59,45,11,68,67,41
1578,2,2019-07-06 00:00:00,83,46,59,62,90,84
1579,10,2019-07-06 00:00:00,42,77,73,71,62,20
1580,2,2019-07-06 00:00:00,21,94,45,11,2,13
1581,2,2019-07-06 00:00:00,74,69,7,41,6,75
1582,4,2019-07-06 00:00:00,73,88,49,29,82,22
1583,6,2019-07-06 00:00:00,29,37,31,59,68,72
1584,8,2019-07-06 00:00:00,58,68,91,31,36,16
1585,8,2019-07-06 00:00:00,100,57,99,53,38,78
1586,10,2019-07-06 00:00:00,36,91,70,15,72,40
1587,9,2019-07-06 00:00:00,67,44,92,67,25,36
1588,8,2019-07-06 00:00:00,35,52,21,99,76,53
1589,3,2019-07-06 00:00:00,45,6,78,84,82,46
1590,9,2019-07-06 00:00:00,76,22,36,78,51,47
1591,5,2019-07-06 00:00:00,2,2,84,48,56,86
1592,2,2019-07-06 00:00:00,13,99,90,97,75,43
1593,9,2019-07-06 00:00:00,25,98,95,5,95,39
1594,9,2019-07-06 00:00:00,70,68,79,82,83,96
1595,4,2019-07-06 00:00:00,45,38,14,76,36,70
1596,4,2019-07-06 00:00:00,24,48,89,81,19,72
1597,7,2019-07-06 00:00:00,56,3,14,4,92,93
1598,6,2019-07-06 00:00:00,44,57,24,98,56,50
1599,6,2019-07-06 00:00:00,11,81,89,46,37,77
1600,2,2019-07-06 00:00:00,70,96,57,8,77,94
1601,4,2019-07-06 00:00:00,6,99,42,53,23,72
1602,5,2019-07-06 00:00:00,58,45,46,31,2,97
1603,2,2019-07-06 00:00:00,50,31,76,40,37,24
1604,10,2019-07-06 00:00:00,72,5,66,96,49,17
1605,3,2019-07-06 00:00:00,96,2,59,94,3,27
1606,10,2019-07-06 00:00:00,26,14,37,11,31,57
1607,7,2019-07-06 00:00:00,60,62,93,51,44,51
1608,4,2019-07-06 00:00:00,9,33,61,65,17,69
1609,2,2019-07-06 00:00:00,28,36,44,9,70,31
1610,3,2019-07-06 00:00:00,97,63,59,10,53,60
1611,6,2019-07-06 00:00:00,29,43,62,11,61,30
1612,8,2019-07-06 00:00:00,10,49,20,16,67,88
1613,8,2019-07-06 00:00:00,67,36,56,12,57,87
1614,1,2019-07-06 00:00:00,56,8,93,73,92,61
1615,6,2019-07-06 00:00:00,95,72,31,1,36,45
1616,10,2019-07-06 00:00:00,28,92,57,96,35,70
1617,7,2019-07-06 00:00:00,87,53,8,3,26,99
1618,2,2019-07-06 00:00:00,5,28,41,83,97,67
1619,5,2019-07-06 00:00:00,46,59,14,75,29,4
1620,3,2019-07-06 00:00:00,5,43,25,94,91,43
1621,6,2019-07-06 00:00:00,36,67,9,47,49,5
1622,6,2019-07-06 00:00:00,20,74,13,41,35,78
1623,5,2019-07-06 00:00:00,97,68,51,53,42,31
1624,7,2019-07-06 00:00:00,64,38,60,41,45,34
1625,10,2019-07-06 00:00:00,72,97,85,34,49,38
1626,1,2019-07-06 00:00:00,84,80,68,75,15,60
1627,1,2019-07-06 00:00:00,46,89,65,85,52,97
1628,10,2019-07-06 00:00:00,68,46,55,27,65,1
1629,5,2019-07-06 00:00:00,39,3,27,83,47,72
1630,5,2019-07-06 00:00:00,96,25,5,55,63,75
1631,4,2019-07-06 00:00:00,50,37,8,17,16,35
1632,3,2019-07-06 00:00:00,41,49,69,91,86,2
1633,4,2019-07-06 00:00:00,76,25,27,3,36,72
1634,7,2019-07-06 00:00:00,44,21,63,69,68,76
1635,4,2019-07-06 00:00:00,55,19,82,17,98,70
1636,2,2019-07-06 00:00:00,8,34,14,93,10,61
1637,4,2019-07-06 00:00:00,41,14,78,35,97,33
1638,2,2019-07-06 00:00:00,41,86,12,9,18,94
1639,4,2019-07-06 00:00:00,6,71,6,39,73,48
1640,1,2019-07-06 00:00:00,29,13,44,9,89,6
1641,6,2019-07-06 00:00:00,36,20,92,95,5,94
1642,2,2019-07-06 00:00:00,99,2,43,13,52,29
1643,7,2019-07-06 00:00:00,22,45,23,86,6,43
1644,7,2019-07-06 00:00:00,52,74,81,18,57,1
1645,8,2019-07-06 00:00:00,15,62,22,44,9,4
1646,10,2019-07-06 00:00:00,2,39,32,53,6,42
1647,3,2019-07-06 00:00:00,74,46,49,44,31,43
1648,3,2019-07-06 00:00:00,5,16,73,64,81,54
1649,8,2019-07-06 00:00:00,19,90,91,50,45,72
1650,9,2019-07-06 00:00:00,70,14,56,7,48,83
1651,1,2019-07-06 00:00:00,66,75,73,57,84,32
1652,3,2019-07-06 00:00:00,24,75,44,63,47,80
1653,7,2019-07-06 00:00:00,61,4,8,48,53,84
1654,5,2019-07-06 00:00:00,98,24,54,87,67,85
1655,9,2019-07-06 00:00:00,31,81,37,23,73,72
1656,1,2019-07-06 00:00:00,9,70,40,50,4,2
1657,1,2019-07-06 00:00:00,93,51,26,43,65,10
1658,3,2019-07-06 00:00:00,43,67,80,2,50,1
1659,3,2019-07-06 00:00:00,21,49,35,85,43,21
1660,4,2019-07-06 00:00:00,84,95,72,65,13,36
1661,2,2019-07-06 00:00:00,20,3,30,65,100,12
1662,10,2019-07-06 00:00:00,6,29,55,84,80,77
1663,7,2019-07-06 00:00:00,42,42,45,59,19,23
1664,1,2019-07-06 00:00:00,78,5,5,59,45,34
1665,10,2019-07-06 00:00:00,16,16,75,45,13,7
1666,1,2019-07-06 00:00:00,11,25,54,20,100,79
1667,9,2019-07-06 00:00:00,40,76,28,14,50,83
1668,8,2019-07-06 00:00:00,14,10,14,40,95,83
1669,8,2019-07-06 00:00:00,79,86,19,61,10,52
1670,7,2019-07-06 00:00:00,48,48,54,92,89,97
1671,6,2019-07-06 00:00:00,14,27,30,92,68,88
1672,4,2019-07-06 00:00:00,32,53,57,78,41,37
1673,4,2019-07-06 00:00:00,76,55,67,86,7,79
1674,10,2019-07-06 00:00:00,64,8,17,74,22,56
1675,8,2019-07-06 00:00:00,46,50,85,76,73,29
1676,4,2019-07-06 00:00:00,40,91,11,34,58,59
1677,10,2019-07-06 00:00:00,44,87,30,94,1,88
1678,3,2019-07-06 00:00:00,29,82,15,20,88,3
1679,9,2019-07-06 00:00:00,52,1,27,45,17,82
1680,6,2019-07-06 00:00:00,22,92,25,95,78,96
1681,10,2019-07-06 00:00:00,32,14,39,2,7,53
1682,7,2019-07-06 00:00:00,81,15,52,54,70,19
1683,2,2019-07-06 00:00:00,92,24,52,44,62,78
1684,6,2019-07-06 00:00:00,47,41,8,38,33,22
1685,9,2019-07-06 00:00:00,41,33,15,35,12,82
1686,3,2019-07-06 00:00:00,70,9,56,87,3,93
1687,3,2019-07-06 00:00:00,87,88,88,62,38,7
1688,4,2019-07-06 00:00:00,99,83,96,55,46,36
1689,9,2019-07-06 00:00:00,98,9,30,3,26,16
1690,5,2019-07-06 00:00:00,98,20,25,18,43,41
1691,8,2019-07-06 00:00:00,57,17,45,88,74,37
1692,9,2019-07-06 00:00:00,51,95,51,94,98,83
1693,7,2019-07-06 00:00:00,54,62,22,72,80,25
1694,2,2019-07-06 00:00:00,58,60,52,33,8,76
1695,10,2019-07-06 00:00:00,91,64,52,52,73,96
1696,5,2019-07-06 00:00:00,19,69,37,21,23,83
1697,1,2019-07-06 00:00:00,29,87,30,76,2,54
1698,3,2019-07-06 00:00:00,28,2,78,16,96,56
1699,6,2019-07-06 00:00:00,16,46,40,39,77,24
1700,7,2019-07-06 00:00:00,82,82,65,85,74,48
1701,4,2019-07-06 00:00:00,39,82,71,17,22,38
1702,3,2019-07-06 00:00:00,86,10,2,10,35,55
1703,2,2019-07-06 00:00:00,28,40,18,94,92,14
1704,10,2019-07-06 00:00:00,59,20,1,96,31,16
1705,6,2019-07-06 00:00:00,24,81,68,11,89,34
1706,9,2019-07-06 00:00:00,48,28,13,93,1,33
1707,10,2019-07-06 00:00:00,60,74,90,80,80,60
1708,8,2019-07-06 00:00:00,24,3,34,91,14,71
1709,3,2019-07-06 00:00:00,19,41,9,89,62,8
1710,5,2019-07-06 00:00:00,47,98,43,17,32,4
1711,8,2019-07-06 00:00:00,81,69,46,56,54,29
1712,6,2019-07-06 00:00:00,5,21,38,92,49,44
1713,9,2019-07-06 00:00:00,66,26,18,94,1,11
1714,2,2019-07-06 00:00:00,18,62,6,89,93,45
1715,6,2019-07-06 00:00:00,57,52,83,8,76,91
1716,8,2019-07-06 00:00:00,64,2,23,32,35,5
1717,7,2019-07-06 00:00:00,80,96,66,38,29,26
1718,7,2019-07-06 00:00:00,4,48,64,25,32,53
1719,9,2019-07-06 00:00:00,53,80,94,1,76,31
1720,2,2019-07-06 00:00:00,73,70,84,66,38,25
1721,8,2019-07-06 00:00:00,74,21,93,65,82,53
1722,1,2019-07-06 00:00:00,40,34,67,76,71,64
1723,1,2019-07-06 00:00:00,5,4,47,37,15,65
1724,8,2019-07-06 00:00:00,56,91,34,48,21,5
1725,1,2019-07-06 00:00:00,11,20,46,48,67,82
1726,7,2019-07-06 00:00:00,7,70,3,79,25,32
1727,1,2019-07-06 00:00:00,88,18,40,94,43,95
1728,1,2019-07-06 00:00:00,92,53,50,51,90,31
1729,2,2019-07-06 00:00:00,87,42,12,31,22,76
1730,6,2019-07-06 00:00:00,6,72,67,83,81,49
1731,3,2019-07-06 00:00:00,57,12,32,86,94,5
1732,10,2019-07-06 00:00:00,59,43,42,14,90,73
1733,10,2019-07-06 00:00:00,54,2,16,15,56,94
1734,10,2019-07-06 00:00:00,55,29,70,23,46,75
1735,8,2019-07-06 00:00:00,76,30,86,43,74,65
1736,7,2019-07-06 00:00:00,24,83,8,86,96,83
1737,10,2019-07-06 00:00:00,97,6,97,66,61,71
1738,9,2019-07-06 00:00:00,52,47,91,12,65,23
1739,3,2019-07-06 00:00:00,91,30,13,41,11,85
1740,9,2019-07-06 00:00:00,25,69,29,93,48,12
1741,5,2019-07-06 00:00:00,99,64,33,35,2,66
1742,7,2019-07-06 00:00:00,52,89,99,7,87,16
1743,1,2019-07-06 00:00:00,24,65,91,61,45,72
1744,7,2019-07-06 00:00:00,6,82,6,59,88,66
1745,9,2019-07-06 00:00:00,72,11,75,49,80,78
1746,5,2019-07-06 00:00:00,34,35,63,28,61,57
1747,10,2019-07-06 00:00:00,31,92,22,67,64,83
1748,6,2019-07-06 00:00:00,66,36,62,61,9,45
1749,7,2019-07-06 00:00:00,76,61,38,28,23,75
1750,10,2019-07-06 00:00:00,85,27,48,27,95,70
1751,9,2019-07-06 00:00:00,6,20,15,88,20,42
1752,6,2019-07-06 00:00:00,6,14,98,100,69,53
1753,1,2019-07-06 00:00:00,23,64,44,61,59,92
1754,1,2019-07-06 00:00:00,42,72,88,50,7,25
1755,6,2019-07-06 00:00:00,78,62,7,28,8,13
1756,8,2019-07-06 00:00:00,63,80,46,10,38,53
1757,5,2019-07-06 00:00:00,60,5,92,32,11,67
1758,8,2019-07-06 00:00:00,93,28,14,73,82,85
1759,2,2019-07-06 00:00:00,59,68,63,14,79,7
1760,9,2019-07-06 00:00:00,71,3,94,83,54,58
1761,8,2019-07-06 00:00:00,60,18,82,41,75,30
1762,10,2019-07-06 00:00:00,83,76,31,52,78,28
1763,2,2019-07-06 00:00:00,67,42,20,54,13,33
1764,10,2019-07-06 00:00:00,12,95,40,82,66,36
1765,3,2019-07-06 00:00:00,47,38,98,70,92,95
1766,6,2019-07-06 00:00:00,31,93,14,53,75,73
1767,2,2019-07-06 00:00:00,77,37,68,93,60,40
1768,4,2019-07-06 00:00:00,23,48,8,33,29,8
1769,9,2019-07-06 00:00:00,13,88,97,74,99,22
1770,4,2019-07-06 00:00:00,42,82,55,94,28,41
1771,10,2019-07-06 00:00:00,7,94,24,33,1,43
1772,3,2019-07-06 00:00:00,84,65,96,63,100,46
1773,6,2019-07-06 00:00:00,93,69,29,71,39,74
1774,7,2019-07-06 00:00:00,98,71,72,92,4,62
1775,7,2019-07-06 00:00:00,75,77,77,50,30,52
1776,3,2019-07-06 00:00:00,44,69,18,3,41,70
1777,5,2019-07-06 00:00:00,26,11,50,57,36,34
1778,6,2019-07-06 00:00:00,54,50,4,31,61,100
1779,10,2019-07-06 00:00:00,64,45,54,2,55,56
1780,3,2019-07-06 00:00:00,34,19,12,82,41,38
1781,9,2019-07-06 00:00:00,66,44,37,6,47,86
1782,9,2019-07-06 00:00:00,91,25,99,39,71,67
1783,7,2019-07-06 00:00:00,33,45,74,55,9,81
1784,9,2019-07-06 00:00:00,67,37,37,92,73,73
1785,4,2019-07-06 00:00:00,84,70,1,12,25,51
1786,3,2019-07-06 00:00:00,91,24,30,13,73,52
1787,6,2019-07-06 00:00:00,87,11,96,45,65,34
1788,2,2019-07-06 00:00:00,96,36,80,65,18,76
1789,8,2019-07-06 00:00:00,34,24,89,23,77,17
1790,6,2019-07-06 00:00:00,67,70,20,93,17,62
1791,4,2019-07-06 00:00:00,3,49,69,50,77,67
1792,2,2019-07-06 00:00:00,27,19,89,44,75,4
1793,1,2019-07-06 00:00:00,45,83,28,56,66,46
1794,2,2019-07-06 00:00:00,21,63,10,89,69,76
1795,10,2019-07-06 00:00:00,57,75,18,58,77,19
1796,9,2019-07-06 00:00:00,58,92,18,13,76,37
1797,7,2019-07-06 00:00:00,17,29,77,89,70,15
1798,5,2019-07-06 00:00:00,69,34,20,9,37,62
1799,10,2019-07-06 00:00:00,20,75,5,96,74,42
1800,2,2019-07-06 00:00:00,74,31,98,36,76,86
1801,10,2019-07-07 00:00:00,79,29,91,83,44,61
1802,2,2019-07-07 00:00:00,45,52,23,8,75,2
1803,1,2019-07-07 00:00:00,51,14,24,15,70,43
1804,6,2019-07-07 00:00:00,55,20,85,60,96,56
1805,8,2019-07-07 00:00:00,73,15,49,95,47,83
1806,10,2019-07-07 00:00:00,20,98,35,68,33,27
1807,1,2019-07-07 00:00:00,11,85,24,77,42,66
1808,10,2019-07-07 00:00:00,3,32,50,73,17,63
1809,7,2019-07-07 00:00:00,7,86,98,33,9,39
1810,5,2019-07-07 00:00:00,17,89,81,71,16,49
1811,9,2019-07-07 00:00:00,21,39,74,72,45,1
1812,7,2019-07-07 00:00:00,34,75,95,19,16,69
1813,1,2019-07-07 00:00:00,46,52,96,18,34,4
1814,1,2019-07-07 00:00:00,7,94,18,13,98,72
1815,1,2019-07-07 00:00:00,49,61,89,14,79,91
1816,8,2019-07-07 00:00:00,4,95,55,79,74,100
1817,7,2019-07-07 00:00:00,47,45,86,54,29,56
1818,5,2019-07-07 00:00:00,46,60,92,2,27,33
1819,2,2019-07-07 00:00:00,36,55,56,74,63,57
1820,8,2019-07-07 00:00:00,21,36,4,97,24,11
1821,1,2019-07-07 00:00:00,41,78,58,2,96,74
1822,1,2019-07-07 00:00:00,33,74,50,28,43,82
1823,3,2019-07-07 00:00:00,57,93,28,77,88,59
1824,4,2019-07-07 00:00:00,37,90,97,25,77,91
1825,2,2019-07-07 00:00:00,5,79,40,45,53,49
1826,3,2019-07-07 00:00:00,62,23,14,4,84,19
1827,4,2019-07-07 00:00:00,43,9,33,68,84,63
1828,10,2019-07-07 00:00:00,65,48,94,62,2,50
1829,6,2019-07-07 00:00:00,80,77,22,32,32,52
1830,4,2019-07-07 00:00:00,45,100,39,74,73,10
1831,8,2019-07-07 00:00:00,12,46,30,79,33,61
1832,4,2019-07-07 00:00:00,2,70,73,45,37,55
1833,4,2019-07-07 00:00:00,92,68,67,47,60,16
1834,9,2019-07-07 00:00:00,38,87,8,27,64,26
1835,8,2019-07-07 00:00:00,26,16,78,72,36,9
1836,1,2019-07-07 00:00:00,12,35,38,94,30,95
1837,1,2019-07-07 00:00:00,32,82,35,77,29,60
1838,2,2019-07-07 00:00:00,20,7,89,26,51,47
1839,8,2019-07-07 00:00:00,10,3,30,26,17,40
1840,7,2019-07-07 00:00:00,79,13,60,64,88,29
1841,1,2019-07-07 00:00:00,10,36,44,57,15,82
1842,4,2019-07-07 00:00:00,8,15,67,24,66,81
1843,5,2019-07-07 00:00:00,34,94,23,48,99,98
1844,10,2019-07-07 00:00:00,42,3,12,38,32,78
1845,3,2019-07-07 00:00:00,86,25,84,75,36,67
1846,1,2019-07-07 00:00:00,72,94,1,63,2,47
1847,3,2019-07-07 00:00:00,88,47,17,32,1,51
1848,7,2019-07-07 00:00:00,88,90,27,86,39,47
1849,2,2019-07-07 00:00:00,64,68,50,70,15,91
1850,3,2019-07-07 00:00:00,98,89,43,95,31,27
1851,3,2019-07-07 00:00:00,54,95,23,91,5,25
1852,4,2019-07-07 00:00:00,94,55,85,48,4,76
1853,3,2019-07-07 00:00:00,78,23,42,100,96,74
1854,4,2019-07-07 00:00:00,1,28,17,34,7,63
1855,8,2019-07-07 00:00:00,40,43,89,35,86,87
1856,1,2019-07-07 00:00:00,21,22,50,100,20,38
1857,1,2019-07-07 00:00:00,7,51,6,3,8,54
1858,5,2019-07-07 00:00:00,49,11,4,1,76,90
1859,10,2019-07-07 00:00:00,27,85,15,75,73,97
1860,8,2019-07-07 00:00:00,79,14,96,85,70,24
1861,4,2019-07-07 00:00:00,98,52,44,72,23,6
1862,7,2019-07-07 00:00:00,65,77,76,99,51,65
1863,10,2019-07-07 00:00:00,49,93,31,21,25,52
1864,3,2019-07-07 00:00:00,36,62,38,52,50,18
1865,8,2019-07-07 00:00:00,7,86,17,99,49,44
1866,8,2019-07-07 00:00:00,18,76,96,55,68,95
1867,8,2019-07-07 00:00:00,21,77,47,13,35,67
1868,3,2019-07-07 00:00:00,100,17,67,1,21,16
1869,2,2019-07-07 00:00:00,56,76,13,50,17,83
1870,9,2019-07-07 00:00:00,27,9,7,41,8,93
1871,4,2019-07-07 00:00:00,40,19,73,45,40,1
1872,2,2019-07-07 00:00:00,64,72,84,85,6,98
1873,8,2019-07-07 00:00:00,63,97,33,14,61,5
1874,5,2019-07-07 00:00:00,40,8,11,75,62,5
1875,5,2019-07-07 00:00:00,57,8,22,96,33,6
1876,1,2019-07-07 00:00:00,13,69,13,9,71,83
1877,8,2019-07-07 00:00:00,55,4,47,3,27,53
1878,7,2019-07-07 00:00:00,99,52,12,25,24,75
1879,5,2019-07-07 00:00:00,6,27,88,77,83,37
1880,4,2019-07-07 00:00:00,34,44,7,43,16,34
1881,6,2019-07-07 00:00:00,20,95,16,8,68,16
1882,4,2019-07-07 00:00:00,32,16,97,94,6,77
1883,9,2019-07-07 00:00:00,30,43,26,52,19,80
1884,6,2019-07-07 00:00:00,3,7,49,14,42,23
1885,7,2019-07-07 00:00:00,38,59,20,92,47,7
1886,7,2019-07-07 00:00:00,8,10,55,91,41,63
1887,8,2019-07-07 00:00:00,73,51,48,64,59,16
1888,8,2019-07-07 00:00:00,23,86,26,13,62,30
1889,2,2019-07-07 00:00:00,79,56,59,11,52,49
1890,8,2019-07-07 00:00:00,88,67,67,67,98,87
1891,10,2019-07-07 00:00:00,60,70,83,42,58,100
1892,1,2019-07-07 00:00:00,26,29,13,57,95,54
1893,7,2019-07-07 00:00:00,51,14,49,8,97,12
1894,2,2019-07-07 00:00:00,30,85,100,12,42,94
1895,7,2019-07-07 00:00:00,94,18,63,79,92,12
1896,3,2019-07-07 00:00:00,77,27,99,89,52,35
1897,9,2019-07-07 00:00:00,32,84,83,42,70,56
1898,8,2019-07-07 00:00:00,22,90,36,100,32,27
1899,1,2019-07-07 00:00:00,54,52,62,71,63,9
1900,1,2019-07-07 00:00:00,98,20,39,22,60,20
1901,2,2019-07-07 00:00:00,11,24,85,76,20,25
1902,10,2019-07-07 00:00:00,78,21,95,21,68,61
1903,4,2019-07-07 00:00:00,64,76,78,87,85,10
1904,5,2019-07-07 00:00:00,93,77,72,36,92,63
1905,1,2019-07-07 00:00:00,35,37,42,32,84,83
1906,4,2019-07-07 00:00:00,8,2,49,44,51,96
1907,10,2019-07-07 00:00:00,76,90,37,59,10,93
1908,10,2019-07-07 00:00:00,61,50,66,74,27,77
1909,2,2019-07-07 00:00:00,46,93,86,18,86,73
1910,10,2019-07-07 00:00:00,86,88,70,47,59,31
1911,2,2019-07-07 00:00:00,10,28,91,88,52,42
1912,7,2019-07-07 00:00:00,33,82,60,46,31,60
1913,10,2019-07-07 00:00:00,24,2,46,47,84,58
1914,5,2019-07-07 00:00:00,98,30,25,56,55,75
1915,9,2019-07-07 00:00:00,13,31,63,97,35,97
1916,5,2019-07-07 00:00:00,8,35,2,100,64,32
1917,4,2019-07-07 00:00:00,72,66,64,18,60,89
1918,7,2019-07-07 00:00:00,9,89,66,77,58,52
1919,8,2019-07-07 00:00:00,21,20,11,15,67,83
1920,6,2019-07-07 00:00:00,65,84,70,77,32,39
1921,2,2019-07-07 00:00:00,28,38,82,38,66,13
1922,7,2019-07-07 00:00:00,64,90,92,57,35,12
1923,3,2019-07-07 00:00:00,50,16,54,94,38,55
1924,5,2019-07-07 00:00:00,93,90,99,50,8,49
1925,3,2019-07-07 00:00:00,6,31,60,14,40,49
1926,7,2019-07-07 00:00:00,74,72,50,68,79,87
1927,6,2019-07-07 00:00:00,50,13,50,65,10,83
1928,10,2019-07-07 00:00:00,97,41,42,65,52,17
1929,3,2019-07-07 00:00:00,49,28,89,26,29,1
1930,5,2019-07-07 00:00:00,34,28,77,5,98,51
1931,4,2019-07-07 00:00:00,76,67,23,44,98,61
1932,9,2019-07-07 00:00:00,34,2,70,80,71,8
1933,3,2019-07-07 00:00:00,79,17,97,7,26,3
1934,8,2019-07-07 00:00:00,76,60,61,61,21,51
1935,7,2019-07-07 00:00:00,66,43,57,76,41,56
1936,3,2019-07-07 00:00:00,73,70,15,15,78,87
1937,7,2019-07-07 00:00:00,46,49,100,26,89,86
1938,7,2019-07-07 00:00:00,95,16,64,35,28,70
1939,3,2019-07-07 00:00:00,18,18,76,76,30,46
1940,7,2019-07-07 00:00:00,23,53,86,46,97,96
1941,10,2019-07-07 00:00:00,21,80,17,51,82,97
1942,6,2019-07-07 00:00:00,17,96,8,24,12,67
1943,2,2019-07-07 00:00:00,36,75,97,97,28,29
1944,2,2019-07-07 00:00:00,47,10,80,87,97,26
1945,10,2019-07-07 00:00:00,83,97,24,76,67,52
1946,8,2019-07-07 00:00:00,96,56,14,43,100,42
1947,2,2019-07-07 00:00:00,15,11,76,82,79,65
1948,8,2019-07-07 00:00:00,40,72,19,4,5,63
1949,3,2019-07-07 00:00:00,44,77,43,7,49,54
1950,1,2019-07-07 00:00:00,33,2,68,66,72,69
1951,8,2019-07-07 00:00:00,28,57,9,10,44,66
1952,1,2019-07-07 00:00:00,46,77,73,91,89,52
1953,6,2019-07-07 00:00:00,80,62,72,11,82,27
1954,5,2019-07-07 00:00:00,80,39,33,21,34,17
1955,7,2019-07-07 00:00:00,76,10,80,63,7,73
1956,2,2019-07-07 00:00:00,95,19,26,73,14,93
1957,5,2019-07-07 00:00:00,30,36,68,12,56,93
1958,4,2019-07-07 00:00:00,21,52,48,95,74,46
1959,2,2019-07-07 00:00:00,94,70,20,18,58,19
1960,10,2019-07-07 00:00:00,46,69,83,98,21,25
1961,6,2019-07-07 00:00:00,46,95,38,67,92,32
1962,5,2019-07-07 00:00:00,100,65,24,45,54,35
1963,5,2019-07-07 00:00:00,13,43,73,59,16,25
1964,6,2019-07-07 00:00:00,48,90,81,43,98,34
1965,1,2019-07-07 00:00:00,67,54,64,65,49,83
1966,6,2019-07-07 00:00:00,98,16,97,84,46,42
1967,6,2019-07-07 00:00:00,35,53,77,62,37,54
1968,5,2019-07-07 00:00:00,27,66,25,99,11,21
1969,10,2019-07-07 00:00:00,61,28,13,46,71,68
1970,10,2019-07-07 00:00:00,19,66,13,2,31,69
1971,3,2019-07-07 00:00:00,34,15,66,54,36,81
1972,8,2019-07-07 00:00:00,27,39,80,59,1,19
1973,5,2019-07-07 00:00:00,50,45,70,54,87,61
1974,8,2019-07-07 00:00:00,6,15,83,81,53,33
1975,9,2019-07-07 00:00:00,97,70,3,100,96,18
1976,3,2019-07-07 00:00:00,38,76,36,48,27,91
1977,2,2019-07-07 00:00:00,40,6,31,39,89,62
1978,1,2019-07-07 00:00:00,84,66,57,60,60,79
1979,1,2019-07-07 00:00:00,58,17,55,36,4,10
1980,6,2019-07-07 00:00:00,29,44,5,70,30,86
1981,4,2019-07-07 00:00:00,34,35,4,66,78,79
1982,9,2019-07-07 00:00:00,25,32,81,29,42,90
1983,10,2019-07-07 00:00:00,35,75,62,23,56,23
1984,9,2019-07-07 00:00:00,61,82,46,21,60,82
1985,10,2019-07-07 00:00:00,66,50,61,62,52,84
1986,10,2019-07-07 00:00:00,53,51,72,33,30,2
1987,4,2019-07-07 00:00:00,86,100,75,31,60,96
1988,5,2019-07-07 00:00:00,2,25,78,22,4,57
1989,6,2019-07-07 00:00:00,51,94,21,62,35,61
1990,5,2019-07-07 00:00:00,31,14,99,20,99,26
1991,9,2019-07-07 00:00:00,58,38,41,64,54,35
1992,5,2019-07-07 00:00:00,99,36,15,38,68,9
1993,5,2019-07-07 00:00:00,11,13,77,80,46,71
1994,7,2019-07-07 00:00:00,1,89,23,85,59,76
1995,10,2019-07-07 00:00:00,97,49,80,95,43,98
1996,10,2019-07-07 00:00:00,78,93,57,56,99,57
1997,6,2019-07-07 00:00:00,68,59,42,47,82,13
1998,5,2019-07-07 00:00:00,85,41,57,25,87,14
1999,3,2019-07-07 00:00:00,53,60,62,50,11,89
2000,10,2019-07-07 00:00:00,64,16,88,3,94,31
2001,1,2019-07-07 00:00:00,42,47,54,79,82,66
2002,2,2019-07-07 00:00:00,87,89,100,24,21,46
2003,10,2019-07-07 00:00:00,3,100,43,65,64,68
2004,4,2019-07-07 00:00:00,36,29,59,57,21,24
2005,1,2019-07-07 00:00:00,79,31,62,82,30,4
2006,7,2019-07-07 00:00:00,2,2,9,38,58,12
2007,10,2019-07-07 00:00:00,48,10,72,56,40,9
2008,6,2019-07-07 00:00:00,14,26,26,81,83,3
2009,8,2019-07-07 00:00:00,83,48,28,77,48,10
2010,7,2019-07-07 00:00:00,44,12,91,72,95,13
2011,5,2019-07-07 00:00:00,13,72,98,44,2,67
2012,3,2019-07-07 00:00:00,93,71,15,68,59,100
2013,9,2019-07-07 00:00:00,58,92,1,25,70,88
2014,10,2019-07-07 00:00:00,87,15,70,47,44,94
2015,6,2019-07-07 00:00:00,59,80,67,84,85,94
2016,10,2019-07-07 00:00:00,88,21,11,28,8,3
2017,3,2019-07-07 00:00:00,84,64,51,26,56,74
2018,9,2019-07-07 00:00:00,1,34,79,3,66,84
2019,9,2019-07-07 00:00:00,96,96,71,33,91,19
2020,7,2019-07-07 00:00:00,2,79,49,41,15,4
2021,3,2019-07-07 00:00:00,20,53,78,35,52,12
2022,9,2019-07-07 00:00:00,89,1,53,1,50,16
2023,10,2019-07-07 00:00:00,85,73,76,62,74,90
2024,1,2019-07-07 00:00:00,90,52,70,35,86,80
2025,6,2019-07-07 00:00:00,66,72,46,41,9,3
2026,5,2019-07-07 00:00:00,78,66,11,56,64,20
2027,6,2019-07-07 00:00:00,96,14,81,70,24,3
2028,5,2019-07-07 00:00:00,56,88,82,34,90,66
2029,1,2019-07-07 00:00:00,95,39,33,14,11,94
2030,8,2019-07-07 00:00:00,17,36,79,24,1,90
2031,9,2019-07-07 00:00:00,88,56,86,10,10,12
2032,6,2019-07-07 00:00:00,51,94,49,78,79,28
2033,2,2019-07-07 00:00:00,28,83,66,46,89,84
2034,3,2019-07-07 00:00:00,86,72,78,65,40,49
2035,9,2019-07-07 00:00:00,97,29,30,10,96,54
2036,8,2019-07-07 00:00:00,3,52,92,35,76,66
2037,7,2019-07-07 00:00:00,70,22,7,30,33,8
2038,5,2019-07-07 00:00:00,57,41,11,84,29,39
2039,2,2019-07-07 00:00:00,27,82,26,83,76,6
2040,6,2019-07-07 00:00:00,11,76,78,77,54,81
2041,10,2019-07-07 00:00:00,44,52,68,27,85,80
2042,8,2019-07-07 00:00:00,19,86,88,18,6,12
2043,1,2019-07-07 00:00:00,35,21,6,97,72,16
2044,2,2019-07-07 00:00:00,12,36,75,46,78,41
2045,9,2019-07-07 00:00:00,71,68,5,14,35,97
2046,8,2019-07-07 00:00:00,2,68,42,98,99,100
2047,5,2019-07-07 00:00:00,91,5,14,90,62,56
2048,5,2019-07-07 00:00:00,90,61,98,94,13,98
2049,8,2019-07-07 00:00:00,68,90,28,36,75,88
2050,2,2019-07-07 00:00:00,4,11,62,9,85,63
2051,9,2019-07-07 00:00:00,65,56,87,27,69,53
2052,2,2019-07-07 00:00:00,49,60,39,56,86,98
2053,2,2019-07-07 00:00:00,17,65,54,62,99,18
2054,3,2019-07-07 00:00:00,15,45,52,90,20,12
2055,3,2019-07-07 00:00:00,35,17,32,34,77,74
2056,3,2019-07-07 00:00:00,11,10,68,23,15,68
2057,7,2019-07-07 00:00:00,85,57,70,85,26,43
2058,10,2019-07-07 00:00:00,56,19,40,78,58,25
2059,1,2019-07-07 00:00:00,80,36,56,50,31,71
2060,4,2019-07-07 00:00:00,89,39,14,10,9,6
2061,3,2019-07-07 00:00:00,74,59,26,23,14,44
2062,7,2019-07-07 00:00:00,62,46,86,68,60,71
2063,1,2019-07-07 00:00:00,63,61,41,58,74,20
2064,4,2019-07-07 00:00:00,83,89,57,50,9,50
2065,9,2019-07-07 00:00:00,15,11,79,67,97,74
2066,1,2019-07-07 00:00:00,15,37,40,8,59,58
2067,9,2019-07-07 00:00:00,90,96,71,13,66,49
2068,6,2019-07-07 00:00:00,34,45,61,51,70,42
2069,7,2019-07-07 00:00:00,90,94,69,29,51,72
2070,10,2019-07-07 00:00:00,12,82,73,2,14,79
2071,5,2019-07-07 00:00:00,84,79,13,21,55,42
2072,10,2019-07-07 00:00:00,81,62,58,46,94,68
2073,3,2019-07-07 00:00:00,94,70,59,50,57,73
2074,6,2019-07-07 00:00:00,48,85,39,41,41,79
2075,8,2019-07-07 00:00:00,55,40,19,23,3,82
2076,5,2019-07-07 00:00:00,79,81,31,8,93,38
2077,8,2019-07-07 00:00:00,100,12,21,14,2,84
2078,6,2019-07-07 00:00:00,100,59,24,11,92,3
2079,1,2019-07-07 00:00:00,9,69,52,44,25,6
2080,9,2019-07-07 00:00:00,93,70,80,4,46,6
2081,2,2019-07-07 00:00:00,16,39,74,65,84,36
2082,9,2019-07-07 00:00:00,32,67,26,32,63,52
2083,10,2019-07-07 00:00:00,70,13,12,34,26,76
2084,9,2019-07-07 00:00:00,55,59,45,68,75,22
2085,3,2019-07-07 00:00:00,79,34,21,7,28,54
2086,8,2019-07-07 00:00:00,96,86,26,44,60,69
2087,6,2019-07-07 00:00:00,80,95,31,80,19,18
2088,1,2019-07-07 00:00:00,41,55,23,70,49,99
2089,5,2019-07-07 00:00:00,55,84,42,51,89,85
2090,9,2019-07-07 00:00:00,3,33,1,52,6,68
2091,1,2019-07-07 00:00:00,37,80,24,97,33,95
2092,10,2019-07-07 00:00:00,1,8,66,53,65,17
2093,1,2019-07-07 00:00:00,16,35,50,41,81,68
2094,10,2019-07-07 00:00:00,98,33,48,71,71,33
2095,10,2019-07-07 00:00:00,22,79,23,16,100,69
2096,1,2019-07-07 00:00:00,74,94,18,77,72,31
2097,4,2019-07-07 00:00:00,22,45,31,58,75,80
2098,2,2019-07-07 00:00:00,33,6,7,17,7,79
2099,5,2019-07-07 00:00:00,65,65,49,59,1,39
2100,1,2019-07-07 00:00:00,35,99,70,83,43,53
