,user_id,rm_id,rating
0,1,102,4
1,1,103,2
2,1,106,3
3,1,107,2
4,1,111,3
5,1,112,4
6,1,113,2
7,1,114,2
8,1,121,1
9,1,122,3
10,1,123,5
11,1,124,2
12,1,126,3
13,1,128,5
14,1,129,4
15,1,130,3
16,1,132,1
17,2,104,2
18,2,106,3
19,2,108,4
20,2,113,5
21,2,114,3
22,2,115,3
23,2,116,2
24,2,118,3
25,2,122,2
26,2,124,2
27,2,125,2
28,2,126,4
29,2,127,4
30,2,130,1
31,3,102,4
32,3,104,3
33,3,108,3
34,3,113,1
35,3,114,4
36,3,116,4
37,3,119,3
38,3,124,1
39,3,126,2
40,3,130,2
41,4,103,2
42,4,104,5
43,4,106,3
44,4,107,5
45,4,108,5
46,4,109,5
47,4,110,4
48,4,113,1
49,4,116,5
50,4,118,1
51,4,119,2
52,4,120,3
53,4,121,3
54,4,122,5
55,4,123,5
56,4,126,3
57,4,127,2
58,4,128,1
59,4,129,3
60,4,131,4
61,5,102,3
62,5,105,5
63,5,110,3
64,5,112,2
65,5,113,2
66,5,114,4
67,5,116,5
68,5,118,4
69,5,119,2
70,5,120,4
71,5,121,1
72,5,124,4
73,5,126,4
74,5,132,1
75,6,102,1
76,6,103,4
77,6,105,2
78,6,110,3
79,6,111,4
80,6,112,3
81,6,114,2
82,6,116,3
83,6,120,1
84,6,121,3
85,6,122,1
86,6,124,2
87,6,126,2
88,6,129,3
89,6,131,5
90,7,104,3
91,7,105,4
92,7,107,1
93,7,112,5
94,7,114,1
95,7,115,3
96,7,117,2
97,7,118,2
98,7,119,4
99,7,120,2
100,7,124,4
101,7,127,3
102,7,128,5
103,7,129,1
104,7,132,5
105,8,102,1
106,8,108,2
107,8,109,2
108,8,111,3
109,8,112,4
110,8,115,5
111,8,117,3
112,8,118,1
113,8,121,3
114,8,124,4
115,8,125,5
116,8,126,4
117,8,127,2
118,8,128,4
119,8,129,3
120,8,131,2
121,9,103,1
122,9,106,4
123,9,107,2
124,9,108,5
125,9,109,2
126,9,111,3
127,9,115,5
128,9,119,2
129,9,120,3
130,9,124,3
131,9,126,2
132,9,130,2
133,9,132,3
134,10,102,4
135,10,105,4
136,10,106,2
137,10,109,2
138,10,110,3
139,10,111,3
140,10,112,2
141,10,113,3
142,10,114,5
143,10,117,3
144,10,118,4
145,10,120,5
146,10,121,5
147,10,122,1
148,10,123,2
149,10,124,1
150,10,125,1
151,10,126,3
152,10,127,1
153,10,129,5
154,10,130,5
155,10,131,5
156,11,103,5
157,11,105,4
158,11,108,4
159,11,110,1
160,11,111,2
161,11,112,4
162,11,114,3
163,11,116,2
164,11,117,4
165,11,120,5
166,11,123,3
167,11,125,4
168,11,127,3
169,11,128,1
170,11,132,5
171,12,102,5
172,12,107,2
173,12,109,1
174,12,110,4
175,12,117,2
176,12,120,4
177,12,121,3
178,12,122,3
179,12,124,2
180,12,126,1
181,12,131,5
182,12,132,3
183,13,102,3
184,13,107,4
185,13,108,2
186,13,111,1
187,13,113,2
188,13,114,2
189,13,116,1
190,13,119,1
191,13,124,5
192,13,125,5
193,13,127,1
194,13,131,5
195,14,107,4
196,14,109,3
197,14,111,1
198,14,114,4
199,14,115,4
200,14,116,3
201,14,119,1
202,14,122,4
203,14,128,1
204,14,129,2
205,14,130,4
206,14,131,3
207,15,105,4
208,15,106,1
209,15,107,1
210,15,109,3
211,15,110,2
212,15,111,1
213,15,112,4
214,15,113,5
215,15,114,4
216,15,118,1
217,15,121,2
218,15,122,4
219,15,124,5
220,15,128,3
221,15,130,1
222,15,131,2
223,15,132,3
224,16,104,4
225,16,105,5
226,16,106,4
227,16,108,4
228,16,110,1
229,16,111,4
230,16,112,5
231,16,113,4
232,16,115,4
233,16,117,2
234,16,118,3
235,16,119,3
236,16,120,1
237,16,121,3
238,16,124,5
239,16,132,4
240,17,102,4
241,17,103,4
242,17,104,2
243,17,105,1
244,17,106,4
245,17,107,2
246,17,110,5
247,17,111,5
248,17,113,5
249,17,117,1
250,17,118,1
251,17,123,5
252,17,125,5
253,17,126,1
254,17,130,1
255,17,131,2
256,18,105,5
257,18,106,3
258,18,107,1
259,18,108,1
260,18,109,2
261,18,111,3
262,18,112,4
263,18,113,5
264,18,116,5
265,18,119,4
266,18,122,3
267,18,124,5
268,18,126,1
269,18,130,2
270,18,131,5
271,18,132,1
272,19,102,3
273,19,103,3
274,19,105,3
275,19,106,1
276,19,107,2
277,19,108,2
278,19,109,1
279,19,112,4
280,19,116,1
281,19,119,3
282,19,122,5
283,19,124,3
284,19,126,1
285,19,127,3
286,19,128,3
287,19,131,5
288,20,102,1
289,20,103,4
290,20,104,2
291,20,105,4
292,20,108,3
293,20,111,4
294,20,113,1
295,20,120,5
296,20,124,5
297,20,125,1
298,20,127,3
299,20,131,4
300,21,104,4
301,21,108,3
302,21,109,1
303,21,113,1
304,21,116,5
305,21,117,2
306,21,118,2
307,21,119,3
308,21,120,3
309,21,122,4
310,21,124,3
311,21,127,5
312,21,129,2
313,21,130,1
314,21,131,1
315,22,102,4
316,22,103,3
317,22,104,3
318,22,111,4
319,22,114,2
320,22,115,4
321,22,116,2
322,22,117,5
323,22,120,3
324,22,121,4
325,22,128,4
326,22,129,2
327,22,131,4
328,22,132,3
329,23,103,5
330,23,104,3
331,23,105,4
332,23,106,3
333,23,108,4
334,23,109,3
335,23,110,2
336,23,111,2
337,23,113,5
338,23,115,4
339,23,116,1
340,23,117,5
341,23,120,3
342,23,123,1
343,23,124,5
344,23,126,2
345,23,129,2
346,23,131,5
347,23,132,4
348,24,103,2
349,24,104,5
350,24,105,2
351,24,106,1
352,24,107,5
353,24,108,4
354,24,109,4
355,24,110,2
356,24,112,4
357,24,113,5
358,24,115,3
359,24,117,4
360,24,119,5
361,24,120,3
362,24,121,4
363,24,124,4
364,24,125,2
365,24,127,1
366,24,130,2
367,24,132,5
368,25,105,3
369,25,107,1
370,25,111,3
371,25,113,4
372,25,114,3
373,25,115,4
374,25,119,2
375,25,122,5
376,25,124,2
377,25,125,1
378,25,126,5
379,25,127,5
380,25,128,2
381,25,131,3
382,26,102,3
383,26,103,1
384,26,105,1
385,26,110,2
386,26,111,1
387,26,115,1
388,26,118,2
389,26,119,4
390,26,120,2
391,26,124,1
392,26,127,5
393,26,128,3
394,26,130,3
395,26,131,3
396,27,103,3
397,27,106,5
398,27,107,4
399,27,108,5
400,27,111,5
401,27,115,3
402,27,117,5
403,27,119,1
404,27,120,4
405,27,121,5
406,27,122,4
407,27,123,1
408,27,124,4
409,27,126,2
410,27,127,4
411,27,128,2
412,27,132,5
413,28,102,5
414,28,104,4
415,28,105,3
416,28,108,4
417,28,109,4
418,28,110,5
419,28,111,4
420,28,112,3
421,28,113,2
422,28,114,3
423,28,117,5
424,28,118,1
425,28,123,5
426,28,125,4
427,28,126,3
428,28,127,1
429,28,129,5
430,28,130,1
431,28,131,2
432,29,103,5
433,29,104,1
434,29,106,4
435,29,108,5
436,29,109,3
437,29,111,5
438,29,112,1
439,29,115,4
440,29,118,4
441,29,119,5
442,29,123,4
443,29,124,1
444,29,125,2
445,29,126,3
446,29,128,5
447,29,129,4
448,29,131,4
449,30,102,5
450,30,103,4
451,30,106,3
452,30,107,4
453,30,109,1
454,30,111,5
455,30,113,5
456,30,114,5
457,30,117,2
458,30,119,2
459,30,125,3
460,30,128,2
461,30,129,1
462,30,130,5
463,30,131,2
464,30,132,3
465,31,107,1
466,31,108,4
467,31,119,2
468,31,121,2
469,31,122,5
470,31,123,1
471,31,124,2
472,31,126,4
473,31,127,3
474,31,128,5
475,31,132,3
476,32,104,3
477,32,107,4
478,32,109,3
479,32,110,1
480,32,111,4
481,32,113,2
482,32,115,2
483,32,117,1
484,32,118,5
485,32,119,2
486,32,122,2
487,32,123,2
488,32,124,1
489,32,128,5
490,32,130,2
491,32,131,4
492,32,132,5
493,33,107,4
494,33,108,3
495,33,109,5
496,33,110,1
497,33,113,4
498,33,114,2
499,33,115,4
500,33,120,4
501,33,121,1
502,33,122,4
503,33,123,5
504,33,124,1
505,33,125,4
506,33,129,2
507,33,130,1
508,33,131,4
509,34,103,4
510,34,104,2
511,34,105,4
512,34,107,3
513,34,108,3
514,34,111,2
515,34,112,3
516,34,114,5
517,34,116,3
518,34,117,3
519,34,118,2
520,34,119,5
521,34,121,1
522,34,122,5
523,34,124,5
524,34,125,2
525,34,127,4
526,34,129,4
527,34,130,4
528,34,131,1
529,35,102,4
530,35,105,3
531,35,106,3
532,35,107,3
533,35,108,4
534,35,110,4
535,35,111,3
536,35,113,4
537,35,114,1
538,35,115,2
539,35,118,1
540,35,124,5
541,35,125,2
542,35,130,1
543,35,131,4
544,35,132,2
545,36,102,2
546,36,103,2
547,36,104,4
548,36,105,5
549,36,106,4
550,36,108,4
551,36,109,1
552,36,110,4
553,36,112,5
554,36,115,2
555,36,117,4
556,36,124,2
557,36,125,2
558,36,126,2
559,37,102,4
560,37,104,2
561,37,105,1
562,37,106,3
563,37,107,1
564,37,110,4
565,37,111,5
566,37,114,5
567,37,115,5
568,37,116,4
569,37,117,4
570,37,119,5
571,37,122,2
572,37,123,3
573,37,124,2
574,37,125,5
575,37,127,5
576,37,128,3
577,37,129,2
578,37,130,2
579,37,131,5
580,37,132,3
581,38,102,1
582,38,103,3
583,38,107,1
584,38,109,5
585,38,110,4
586,38,113,4
587,38,114,5
588,38,115,5
589,38,117,1
590,38,118,1
591,38,120,1
592,38,126,2
593,38,127,1
594,38,128,1
595,38,130,5
596,38,131,1
597,38,132,5
598,39,103,1
599,39,106,4
600,39,107,2
601,39,109,3
602,39,110,2
603,39,113,1
604,39,114,3
605,39,115,4
606,39,116,4
607,39,119,1
608,39,122,2
609,39,123,5
610,39,126,2
611,39,128,4
612,39,129,4
613,39,130,1
614,39,131,4
615,39,132,1
616,40,102,3
617,40,103,2
618,40,106,5
619,40,110,3
620,40,112,4
621,40,117,5
622,40,118,1
623,40,120,4
624,40,123,4
625,40,127,5
626,40,128,1
627,40,129,4
628,40,130,5
629,40,131,3
630,41,109,3
631,41,111,2
632,41,112,4
633,41,114,5
634,41,115,3
635,41,116,2
636,41,117,5
637,41,121,3
638,41,122,4
639,41,123,5
640,41,125,4
641,41,127,2
642,41,129,3
643,41,130,5
644,41,131,5
645,41,132,5
646,42,102,1
647,42,103,5
648,42,104,5
649,42,105,4
650,42,107,4
651,42,108,2
652,42,111,3
653,42,113,3
654,42,115,2
655,42,120,5
656,42,122,4
657,42,123,1
658,42,125,1
659,42,127,2
660,42,128,3
661,42,129,2
662,42,130,3
663,43,102,4
664,43,104,4
665,43,107,3
666,43,109,2
667,43,112,3
668,43,115,4
669,43,118,3
670,43,119,3
671,43,120,1
672,43,121,1
673,43,122,2
674,43,126,5
675,43,127,1
676,43,129,2
677,43,132,2
678,44,103,5
679,44,105,4
680,44,109,2
681,44,114,1
682,44,116,4
683,44,117,5
684,44,118,5
685,44,119,2
686,44,120,5
687,44,121,5
688,44,125,4
689,44,126,4
690,44,128,4
691,44,129,2
692,44,130,1
693,44,132,2
694,45,103,2
695,45,104,2
696,45,106,3
697,45,108,3
698,45,109,4
699,45,111,3
700,45,113,1
701,45,115,5
702,45,116,5
703,45,119,5
704,45,121,2
705,45,122,2
706,45,124,5
707,46,102,1
708,46,104,3
709,46,113,5
710,46,117,4
711,46,119,2
712,46,120,1
713,46,122,3
714,46,125,3
715,46,128,4
716,46,129,3
717,46,131,3
718,46,132,4
719,47,103,4
720,47,107,4
721,47,111,1
722,47,113,4
723,47,115,4
724,47,116,1
725,47,117,3
726,47,121,5
727,47,122,2
728,47,125,2
729,47,126,5
730,47,128,3
731,47,129,5
732,47,131,2
733,47,132,1
734,48,103,1
735,48,104,3
736,48,108,3
737,48,109,3
738,48,111,4
739,48,113,4
740,48,116,3
741,48,117,2
742,48,120,2
743,48,121,4
744,48,122,5
745,48,123,2
746,48,124,4
747,48,125,3
748,48,127,3
749,48,131,4
750,48,132,1
751,49,102,5
752,49,104,4
753,49,105,3
754,49,108,1
755,49,109,3
756,49,112,1
757,49,115,1
758,49,117,4
759,49,121,5
760,49,122,1
761,49,123,5
762,49,128,2
763,49,130,2
764,49,131,4
765,50,103,5
766,50,105,4
767,50,110,2
768,50,115,2
769,50,116,5
770,50,117,1
771,50,120,2
772,50,122,3
773,50,125,2
774,50,129,3
775,50,131,3
776,50,132,4
777,51,102,3
778,51,104,5
779,51,105,3
780,51,108,3
781,51,112,4
782,51,114,1
783,51,118,4
784,51,120,2
785,51,121,1
786,51,122,5
787,51,124,4
788,51,125,2
789,51,128,1
790,51,129,1
791,52,102,3
792,52,103,5
793,52,104,4
794,52,106,3
795,52,108,3
796,52,113,1
797,52,114,3
798,52,121,1
799,52,123,1
800,52,124,2
801,52,125,1
802,52,126,1
803,52,130,3
804,52,132,2
805,53,103,2
806,53,104,2
807,53,105,5
808,53,107,1
809,53,108,4
810,53,111,5
811,53,112,4
812,53,113,1
813,53,116,1
814,53,117,1
815,53,119,5
816,53,122,2
817,53,124,4
818,53,125,1
819,53,127,5
820,53,129,4
821,53,131,4
822,54,104,1
823,54,105,4
824,54,106,2
825,54,107,3
826,54,108,5
827,54,109,5
828,54,112,1
829,54,113,5
830,54,118,4
831,54,120,1
832,54,122,1
833,54,124,5
834,54,125,4
835,54,126,1
836,54,128,5
837,54,129,1
838,54,131,4
839,55,106,4
840,55,109,5
841,55,110,5
842,55,114,4
843,55,116,4
844,55,118,2
845,55,119,4
846,55,120,5
847,55,121,4
848,55,124,4
849,55,125,4
850,55,126,5
851,55,127,2
852,55,128,5
853,55,132,4
854,56,104,1
855,56,105,4
856,56,106,4
857,56,107,2
858,56,108,1
859,56,111,3
860,56,114,5
861,56,115,2
862,56,116,1
863,56,117,3
864,56,119,1
865,56,122,5
866,56,123,1
867,56,125,2
868,56,128,2
869,56,129,5
870,56,130,4
871,56,132,5
872,57,104,4
873,57,105,5
874,57,109,4
875,57,110,4
876,57,112,2
877,57,114,5
878,57,115,4
879,57,117,2
880,57,118,3
881,57,120,4
882,57,125,5
883,57,127,5
884,57,129,1
885,57,130,3
886,57,132,5
887,58,102,4
888,58,104,3
889,58,106,5
890,58,109,1
891,58,110,5
892,58,111,3
893,58,113,1
894,58,115,4
895,58,116,4
896,58,117,4
897,58,118,3
898,58,119,3
899,58,121,1
900,58,123,3
901,58,126,4
902,58,128,4
903,58,130,1
904,58,132,3
905,59,102,4
906,59,103,2
907,59,106,3
908,59,107,4
909,59,109,1
910,59,110,4
911,59,111,2
912,59,112,1
913,59,113,4
914,59,114,2
915,59,122,2
916,59,123,5
917,59,125,5
918,59,126,2
919,59,127,4
920,60,103,3
921,60,104,4
922,60,106,3
923,60,111,2
924,60,113,1
925,60,114,2
926,60,115,4
927,60,116,2
928,60,117,1
929,60,118,2
930,60,119,1
931,60,125,4
932,60,126,5
933,60,128,4
934,60,129,4
935,60,130,3
936,60,132,4
937,61,102,5
938,61,110,1
939,61,111,5
940,61,112,3
941,61,115,2
942,61,117,3
943,61,118,3
944,61,119,3
945,61,120,3
946,61,121,1
947,61,123,4
948,61,124,1
949,61,125,5
950,61,128,4
951,61,129,1
952,61,130,2
953,61,131,5
954,61,132,4
955,62,103,4
956,62,104,2
957,62,106,2
958,62,107,1
959,62,108,2
960,62,109,3
961,62,110,1
962,62,111,2
963,62,112,1
964,62,115,3
965,62,116,1
966,62,118,5
967,62,119,4
968,62,127,1
969,62,128,4
970,62,129,3
971,62,130,5
972,62,131,5
973,63,102,3
974,63,104,2
975,63,105,4
976,63,112,1
977,63,116,3
978,63,117,1
979,63,119,3
980,63,120,2
981,63,121,4
982,63,127,5
983,63,129,1
984,63,130,4
985,64,103,5
986,64,106,3
987,64,107,4
988,64,113,5
989,64,115,2
990,64,116,5
991,64,118,5
992,64,120,3
993,64,121,2
994,64,122,5
995,64,123,4
996,64,129,3
997,64,130,1
998,65,103,3
999,65,104,3
1000,65,105,2
1001,65,106,1
1002,65,107,5
1003,65,108,5
1004,65,111,5
1005,65,114,1
1006,65,118,2
1007,65,120,2
1008,65,121,5
1009,65,123,5
1010,65,124,5
1011,65,126,3
1012,65,127,3
1013,65,129,2
1014,65,130,2
1015,65,132,3
1016,66,102,4
1017,66,104,4
1018,66,107,1
1019,66,112,5
1020,66,113,5
1021,66,116,4
1022,66,117,3
1023,66,118,2
1024,66,119,5
1025,66,120,1
1026,66,121,5
1027,66,123,3
1028,66,124,2
1029,66,127,4
1030,66,130,3
1031,66,131,5
1032,66,132,3
1033,67,103,1
1034,67,107,2
1035,67,108,3
1036,67,112,4
1037,67,115,4
1038,67,116,3
1039,67,118,5
1040,67,121,3
1041,67,123,4
1042,67,124,4
1043,67,126,3
1044,67,127,5
1045,67,128,3
1046,67,129,1
1047,67,130,3
1048,67,132,4
1049,68,102,2
1050,68,104,2
1051,68,109,1
1052,68,110,1
1053,68,111,5
1054,68,112,4
1055,68,114,4
1056,68,115,3
1057,68,116,2
1058,68,117,5
1059,68,119,1
1060,68,121,2
1061,68,122,4
1062,68,124,5
1063,68,129,5
1064,68,131,4
1065,68,132,4
1066,69,102,3
1067,69,103,5
1068,69,105,2
1069,69,106,1
1070,69,108,2
1071,69,109,5
1072,69,110,5
1073,69,111,5
1074,69,112,3
1075,69,113,4
1076,69,116,2
1077,69,117,3
1078,69,119,5
1079,69,121,4
1080,69,127,2
1081,69,128,2
1082,69,129,1
1083,69,130,4
1084,69,131,2
1085,69,132,5
1086,70,102,1
1087,70,103,3
1088,70,108,3
1089,70,109,3
1090,70,110,3
1091,70,115,4
1092,70,117,3
1093,70,119,2
1094,70,121,2
1095,70,122,1
1096,70,123,3
1097,70,125,1
1098,70,126,3
1099,70,128,3
1100,70,131,4
1101,71,103,3
1102,71,106,3
1103,71,108,4
1104,71,111,4
1105,71,113,2
1106,71,115,5
1107,71,117,2
1108,71,120,4
1109,71,121,5
1110,71,123,4
1111,71,125,4
1112,71,126,3
1113,71,127,3
1114,71,132,5
1115,72,105,4
1116,72,106,4
1117,72,108,4
1118,72,111,5
1119,72,112,3
1120,72,113,1
1121,72,114,5
1122,72,115,3
1123,72,116,1
1124,72,117,1
1125,72,119,3
1126,72,120,5
1127,72,122,3
1128,72,123,4
1129,72,125,4
1130,72,126,5
1131,72,127,1
1132,72,130,2
1133,73,104,1
1134,73,110,1
1135,73,111,2
1136,73,113,4
1137,73,114,1
1138,73,115,5
1139,73,116,3
1140,73,117,3
1141,73,128,4
1142,73,129,4
1143,73,131,2
1144,73,132,3
1145,74,102,1
1146,74,103,2
1147,74,105,1
1148,74,110,4
1149,74,112,3
1150,74,113,3
1151,74,115,3
1152,74,117,4
1153,74,118,1
1154,74,119,4
1155,74,124,4
1156,74,128,1
1157,74,129,1
1158,74,130,2
1159,74,132,2
1160,75,105,2
1161,75,106,1
1162,75,107,5
1163,75,108,5
1164,75,110,1
1165,75,111,3
1166,75,112,4
1167,75,113,1
1168,75,115,5
1169,75,122,3
1170,75,128,3
1171,75,129,3
1172,75,130,3
1173,75,131,1
1174,76,102,2
1175,76,103,5
1176,76,106,4
1177,76,107,3
1178,76,108,3
1179,76,111,5
1180,76,115,1
1181,76,120,4
1182,76,123,4
1183,76,125,5
1184,76,127,1
1185,76,129,5
1186,76,131,1
1187,76,132,3
1188,77,102,5
1189,77,103,5
1190,77,105,5
1191,77,108,2
1192,77,110,2
1193,77,112,2
1194,77,115,3
1195,77,116,2
1196,77,119,2
1197,77,121,1
1198,77,123,3
1199,77,124,3
1200,77,125,4
1201,77,127,3
1202,77,129,2
1203,77,131,2
1204,77,132,1
1205,78,102,1
1206,78,104,5
1207,78,106,3
1208,78,107,4
1209,78,110,1
1210,78,111,1
1211,78,112,3
1212,78,117,4
1213,78,118,1
1214,78,123,3
1215,78,127,1
1216,78,128,2
1217,78,132,1
1218,79,103,5
1219,79,104,5
1220,79,110,1
1221,79,113,1
1222,79,114,2
1223,79,116,5
1224,79,117,4
1225,79,118,1
1226,79,120,2
1227,79,121,1
1228,79,122,2
1229,79,123,5
1230,79,125,3
1231,79,127,1
1232,79,129,1
1233,79,132,5
1234,80,102,1
1235,80,103,5
1236,80,104,5
1237,80,105,2
1238,80,106,5
1239,80,107,2
1240,80,109,5
1241,80,111,4
1242,80,112,1
1243,80,113,1
1244,80,114,1
1245,80,115,5
1246,80,116,5
1247,80,123,3
1248,80,124,2
1249,80,128,1
1250,81,102,1
1251,81,103,1
1252,81,105,5
1253,81,106,2
1254,81,109,4
1255,81,113,1
1256,81,114,1
1257,81,115,5
1258,81,116,1
1259,81,118,3
1260,81,119,4
1261,81,120,2
1262,81,121,3
1263,81,123,1
1264,81,127,1
1265,81,128,1
1266,81,130,3
1267,81,132,3
1268,82,106,1
1269,82,109,1
1270,82,110,4
1271,82,113,5
1272,82,114,5
1273,82,115,4
1274,82,119,2
1275,82,123,4
1276,82,124,2
1277,82,125,4
1278,82,126,5
1279,82,127,4
1280,82,128,2
1281,82,129,4
1282,82,130,5
1283,83,102,4
1284,83,104,5
1285,83,105,4
1286,83,109,5
1287,83,114,1
1288,83,115,4
1289,83,116,4
1290,83,117,2
1291,83,118,3
1292,83,121,1
1293,83,123,5
1294,83,124,4
1295,83,125,5
1296,83,128,2
1297,83,129,3
1298,83,130,5
1299,83,131,1
1300,83,132,5
1301,84,102,5
1302,84,103,3
1303,84,106,2
1304,84,107,2
1305,84,109,5
1306,84,111,1
1307,84,114,4
1308,84,115,5
1309,84,118,3
1310,84,120,3
1311,84,122,5
1312,84,124,2
1313,84,128,5
1314,84,129,4
1315,84,130,5
1316,84,131,4
1317,84,132,5
1318,85,106,4
1319,85,108,4
1320,85,109,5
1321,85,110,3
1322,85,115,3
1323,85,119,1
1324,85,120,4
1325,85,126,4
1326,85,129,5
1327,85,130,5
1328,85,132,4
1329,86,102,1
1330,86,105,4
1331,86,106,5
1332,86,116,3
1333,86,117,1
1334,86,118,1
1335,86,122,4
1336,86,127,2
1337,86,131,1
1338,87,102,5
1339,87,106,1
1340,87,109,5
1341,87,110,2
1342,87,111,1
1343,87,114,1
1344,87,117,5
1345,87,118,5
1346,87,125,5
1347,87,128,5
1348,87,132,5
1349,88,104,3
1350,88,108,1
1351,88,112,2
1352,88,116,3
1353,88,117,2
1354,88,118,3
1355,88,119,5
1356,88,124,5
1357,88,126,1
1358,88,128,5
1359,88,129,4
1360,88,130,2
1361,89,102,2
1362,89,104,2
1363,89,105,1
1364,89,106,3
1365,89,111,1
1366,89,113,5
1367,89,114,3
1368,89,116,2
1369,89,118,3
1370,89,119,5
1371,89,120,3
1372,89,121,2
1373,89,122,4
1374,89,125,1
1375,89,127,3
1376,89,128,3
1377,89,129,3
1378,90,102,4
1379,90,103,1
1380,90,105,1
1381,90,106,1
1382,90,108,5
1383,90,113,1
1384,90,115,3
1385,90,116,3
1386,90,120,4
1387,90,121,5
1388,90,122,3
1389,90,126,5
1390,90,127,1
1391,90,131,3
1392,91,105,1
1393,91,106,4
1394,91,109,5
1395,91,117,2
1396,91,118,4
1397,91,127,2
1398,91,129,2
1399,91,130,2
1400,91,132,3
1401,92,103,2
1402,92,105,1
1403,92,107,5
1404,92,109,5
1405,92,110,5
1406,92,113,5
1407,92,115,1
1408,92,117,1
1409,92,119,5
1410,92,123,3
1411,92,124,3
1412,92,127,1
1413,92,128,1
1414,92,129,3
1415,92,130,5
1416,92,131,2
1417,93,104,3
1418,93,106,4
1419,93,108,2
1420,93,113,5
1421,93,114,4
1422,93,120,2
1423,93,127,2
1424,93,129,2
1425,93,130,1
1426,93,132,4
1427,94,103,4
1428,94,104,3
1429,94,107,3
1430,94,109,4
1431,94,110,1
1432,94,111,2
1433,94,116,5
1434,94,117,1
1435,94,119,1
1436,94,120,5
1437,94,124,2
1438,94,125,5
1439,94,126,5
1440,94,127,5
1441,94,128,2
1442,94,131,3
1443,95,104,5
1444,95,105,2
1445,95,106,2
1446,95,110,5
1447,95,117,2
1448,95,120,4
1449,95,121,1
1450,95,124,1
1451,95,125,1
1452,95,126,3
1453,95,127,5
1454,95,128,3
1455,95,129,1
1456,95,130,5
1457,95,131,3
1458,95,132,3
1459,96,102,4
1460,96,105,3
1461,96,110,2
1462,96,111,4
1463,96,112,5
1464,96,115,2
1465,96,118,1
1466,96,121,5
1467,96,123,3
1468,96,124,3
1469,96,125,5
1470,96,128,5
1471,96,129,3
1472,96,130,4
1473,96,131,4
1474,97,102,1
1475,97,103,4
1476,97,104,3
1477,97,105,4
1478,97,107,2
1479,97,109,1
1480,97,112,5
1481,97,114,4
1482,97,115,4
1483,97,117,3
1484,97,118,2
1485,97,123,3
1486,97,124,4
1487,97,126,1
1488,97,127,3
1489,97,128,5
1490,97,129,3
1491,97,130,2
1492,97,131,2
1493,98,102,2
1494,98,104,2
1495,98,106,3
1496,98,108,3
1497,98,109,2
1498,98,110,5
1499,98,111,2
1500,98,115,5
1501,98,116,4
1502,98,117,5
1503,98,119,5
1504,98,123,2
1505,98,126,5
1506,98,127,4
1507,98,130,2
1508,98,132,5
1509,99,102,3
1510,99,103,2
1511,99,107,4
1512,99,108,1
1513,99,109,2
1514,99,110,2
1515,99,111,2
1516,99,112,1
1517,99,115,2
1518,99,118,2
1519,99,120,2
1520,99,124,3
1521,99,125,4
1522,99,127,3
1523,99,128,3
1524,99,129,1
1525,99,130,3
1526,99,131,4
1527,99,132,3
1528,100,102,3
1529,100,103,4
1530,100,104,1
1531,100,107,1
1532,100,112,5
1533,100,113,5
1534,100,115,2
1535,100,116,5
1536,100,117,4
1537,100,120,3
1538,100,121,1
1539,100,123,4
1540,100,125,2
1541,100,126,2
1542,100,127,1
1543,100,128,2
1544,100,129,2
1545,100,130,4
1546,101,102,3
1547,101,103,4
1548,101,104,2
1549,101,110,1
1550,101,116,2
1551,101,117,5
1552,101,119,4
1553,101,120,5
1554,101,123,2
1555,101,126,5
1556,101,130,1
1557,102,102,3
1558,102,103,4
1559,102,104,5
1560,102,105,3
1561,102,106,1
1562,102,109,1
1563,102,110,5
1564,102,111,5
1565,102,112,1
1566,102,114,2
1567,102,116,3
1568,102,117,1
1569,102,121,3
1570,102,125,3
1571,102,127,1
1572,102,132,2
1573,103,102,5
1574,103,105,5
1575,103,109,1
1576,103,113,1
1577,103,114,2
1578,103,117,5
1579,103,119,3
1580,103,121,2
1581,103,122,4
1582,103,129,5
1583,103,131,3
1584,104,102,4
1585,104,103,5
1586,104,104,4
1587,104,107,4
1588,104,110,4
1589,104,111,4
1590,104,114,4
1591,104,115,1
1592,104,117,2
1593,104,118,3
1594,104,119,1
1595,104,120,1
1596,104,121,2
1597,104,122,4
1598,104,123,5
1599,104,124,1
1600,104,126,2
1601,104,129,4
1602,104,131,2
1603,104,132,4
1604,105,103,3
1605,105,104,5
1606,105,108,4
1607,105,111,2
1608,105,112,4
1609,105,113,4
1610,105,115,1
1611,105,116,1
1612,105,119,2
1613,105,120,1
1614,105,121,5
1615,105,122,1
1616,105,123,2
1617,105,124,5
1618,105,125,2
1619,105,126,4
1620,105,129,2
1621,105,130,4
1622,105,131,1
1623,105,132,5
1624,106,104,1
1625,106,105,1
1626,106,107,4
1627,106,108,4
1628,106,109,1
1629,106,112,4
1630,106,114,4
1631,106,116,5
1632,106,117,1
1633,106,118,5
1634,106,119,5
1635,106,121,4
1636,106,122,5
1637,106,125,4
1638,106,128,4
1639,106,129,5
1640,106,130,5
1641,107,102,4
1642,107,104,1
1643,107,105,1
1644,107,107,1
1645,107,108,4
1646,107,112,5
1647,107,114,1
1648,107,118,2
1649,107,119,5
1650,107,120,4
1651,107,121,1
1652,107,122,4
1653,107,125,4
1654,107,127,4
1655,107,128,4
1656,107,129,2
1657,107,130,4
1658,108,103,1
1659,108,105,1
1660,108,113,5
1661,108,114,3
1662,108,117,1
1663,108,118,3
1664,108,119,1
1665,108,120,2
1666,108,122,5
1667,108,124,5
1668,108,125,5
1669,108,128,5
1670,108,129,2
1671,108,130,2
1672,108,131,4
1673,109,102,2
1674,109,103,1
1675,109,107,4
1676,109,108,3
1677,109,110,3
1678,109,111,4
1679,109,113,2
1680,109,115,2
1681,109,117,2
1682,109,118,4
1683,109,119,5
1684,109,121,4
1685,109,123,1
1686,109,124,4
1687,109,126,2
1688,109,127,5
1689,109,131,2
1690,109,132,3
1691,110,102,1
1692,110,103,5
1693,110,104,4
1694,110,106,5
1695,110,107,3
1696,110,110,4
1697,110,112,1
1698,110,114,4
1699,110,115,3
1700,110,116,1
1701,110,119,5
1702,110,120,1
1703,110,122,5
1704,110,123,2
1705,110,124,4
1706,110,125,4
1707,110,130,2
1708,110,132,1
1709,111,102,5
1710,111,103,4
1711,111,105,3
1712,111,106,2
1713,111,107,2
1714,111,108,4
1715,111,110,5
1716,111,113,1
1717,111,114,2
1718,111,115,5
1719,111,116,4
1720,111,118,1
1721,111,119,5
1722,111,120,1
1723,111,121,5
1724,111,124,5
1725,111,127,2
1726,111,128,3
1727,112,102,4
1728,112,104,4
1729,112,106,3
1730,112,112,5
1731,112,113,1
1732,112,121,1
1733,112,125,1
1734,112,127,1
1735,112,131,1
1736,112,132,2
1737,113,103,1
1738,113,104,5
1739,113,105,4
1740,113,108,2
1741,113,109,2
1742,113,111,4
1743,113,114,3
1744,113,115,5
1745,113,117,3
1746,113,118,1
1747,113,120,2
1748,113,121,2
1749,113,122,4
1750,113,125,2
1751,113,128,2
1752,113,129,5
1753,113,130,3
1754,113,131,4
1755,114,102,2
1756,114,103,2
1757,114,104,1
1758,114,106,3
1759,114,107,5
1760,114,109,2
1761,114,113,1
1762,114,114,2
1763,114,115,1
1764,114,116,2
1765,114,117,1
1766,114,118,2
1767,114,119,2
1768,114,121,4
1769,114,125,4
1770,114,127,3
1771,114,128,1
1772,114,131,2
1773,115,102,1
1774,115,104,4
1775,115,105,3
1776,115,106,2
1777,115,107,3
1778,115,110,3
1779,115,111,4
1780,115,112,1
1781,115,113,5
1782,115,114,1
1783,115,115,3
1784,115,116,1
1785,115,119,3
1786,115,120,4
1787,115,121,5
1788,115,123,3
1789,116,102,1
1790,116,103,4
1791,116,104,2
1792,116,105,4
1793,116,107,3
1794,116,109,5
1795,116,112,3
1796,116,114,5
1797,116,115,5
1798,116,116,1
1799,116,117,1
1800,116,121,3
1801,116,122,1
1802,116,123,1
1803,116,124,5
1804,116,125,4
1805,116,126,2
1806,116,130,5
1807,116,132,5
1808,117,103,4
1809,117,104,5
1810,117,105,3
1811,117,106,4
1812,117,107,3
1813,117,108,1
1814,117,110,4
1815,117,112,5
1816,117,116,2
1817,117,118,5
1818,117,121,1
1819,117,122,4
1820,117,123,3
1821,117,125,5
1822,117,129,4
1823,117,131,5
1824,118,103,3
1825,118,106,3
1826,118,107,1
1827,118,114,3
1828,118,116,2
1829,118,117,3
1830,118,118,5
1831,118,121,1
1832,118,123,5
1833,118,126,5
1834,119,102,5
1835,119,104,3
1836,119,105,1
1837,119,106,4
1838,119,109,3
1839,119,111,2
1840,119,113,1
1841,119,114,1
1842,119,118,1
1843,119,119,1
1844,119,123,1
1845,119,124,4
1846,119,126,4
1847,119,127,4
1848,119,130,5
1849,119,132,4
1850,120,105,2
1851,120,106,5
1852,120,107,5
1853,120,108,3
1854,120,109,2
1855,120,112,2
1856,120,114,2
1857,120,115,3
1858,120,117,3
1859,120,123,1
1860,120,124,3
1861,120,125,4
1862,120,126,1
1863,121,102,4
1864,121,104,4
1865,121,105,5
1866,121,106,2
1867,121,108,2
1868,121,110,2
1869,121,111,1
1870,121,120,1
1871,121,121,2
1872,121,122,1
1873,121,123,5
1874,121,125,3
1875,121,126,2
1876,121,128,3
1877,121,129,2
1878,121,131,3
1879,121,132,3
1880,122,102,1
1881,122,105,2
1882,122,107,1
1883,122,108,4
1884,122,111,1
1885,122,112,1
1886,122,113,4
1887,122,114,5
1888,122,115,2
1889,122,119,5
1890,122,123,3
1891,122,124,2
1892,122,126,2
1893,122,130,1
1894,122,131,2
1895,122,132,3
1896,123,106,2
1897,123,111,2
1898,123,114,1
1899,123,115,1
1900,123,116,5
1901,123,117,1
1902,123,118,4
1903,123,119,2
1904,123,120,2
1905,123,123,4
1906,123,124,4
1907,123,126,1
1908,123,127,3
1909,123,128,3
1910,123,129,5
1911,123,131,5
1912,124,103,2
1913,124,104,4
1914,124,105,5
1915,124,106,4
1916,124,111,3
1917,124,112,4
1918,124,114,2
1919,124,115,5
1920,124,119,5
1921,124,122,4
1922,124,124,4
1923,124,125,3
1924,124,126,1
1925,124,127,5
1926,124,129,4
1927,124,130,1
1928,125,102,2
1929,125,104,2
1930,125,105,1
1931,125,108,4
1932,125,109,5
1933,125,111,3
1934,125,112,4
1935,125,114,1
1936,125,115,1
1937,125,117,4
1938,125,124,2
1939,125,127,3
1940,125,131,5
1941,126,107,4
1942,126,112,2
1943,126,113,2
1944,126,115,3
1945,126,116,2
1946,126,117,4
1947,126,118,3
1948,126,119,1
1949,126,120,3
1950,126,121,2
1951,126,122,1
1952,126,124,5
1953,126,125,4
1954,126,127,2
1955,126,128,5
1956,126,129,3
1957,126,130,5
1958,127,102,3
1959,127,103,4
1960,127,109,4
1961,127,111,3
1962,127,112,5
1963,127,116,5
1964,127,117,3
1965,127,118,4
1966,127,119,2
1967,127,120,1
1968,127,122,5
1969,127,124,3
1970,127,127,5
1971,127,130,3
1972,127,131,1
1973,128,103,4
1974,128,104,3
1975,128,105,3
1976,128,107,5
1977,128,111,3
1978,128,115,5
1979,128,117,1
1980,128,119,2
1981,128,121,1
1982,128,126,3
1983,128,129,5
1984,128,130,3
1985,128,131,4
1986,128,132,3
1987,129,103,2
1988,129,104,5
1989,129,105,4
1990,129,107,3
1991,129,108,3
1992,129,109,2
1993,129,110,1
1994,129,111,2
1995,129,112,1
1996,129,113,3
1997,129,115,2
1998,129,118,2
1999,129,119,4
2000,129,120,2
2001,129,121,4
2002,129,122,5
2003,129,124,3
2004,129,125,5
2005,129,126,1
2006,130,105,2
2007,130,108,3
2008,130,111,4
2009,130,115,4
2010,130,116,1
2011,130,117,2
2012,130,119,3
2013,130,120,2
2014,130,121,4
2015,130,122,1
2016,130,123,1
2017,130,130,5
2018,130,131,1
2019,130,132,1
2020,131,102,5
2021,131,104,5
2022,131,105,2
2023,131,107,5
2024,131,108,3
2025,131,110,2
2026,131,111,1
2027,131,120,3
2028,131,121,2
2029,131,123,3
2030,131,124,4
2031,131,125,2
2032,131,127,5
2033,131,128,2
2034,131,131,4
2035,132,102,4
2036,132,105,3
2037,132,106,3
2038,132,107,4
2039,132,112,5
2040,132,113,4
2041,132,117,4
2042,132,119,4
2043,132,120,5
2044,132,121,2
2045,132,125,4
2046,132,127,4
2047,132,128,5
2048,132,130,4
2049,132,131,2
2050,132,132,5
2051,133,106,2
2052,133,107,4
2053,133,109,3
2054,133,111,3
2055,133,120,3
2056,133,121,3
2057,133,122,3
2058,133,123,2
2059,133,124,3
2060,133,125,2
2061,133,129,1
2062,133,130,2
2063,134,102,5
2064,134,104,2
2065,134,105,1
2066,134,107,1
2067,134,108,2
2068,134,110,5
2069,134,114,3
2070,134,117,1
2071,134,118,2
2072,134,120,5
2073,134,122,4
2074,134,123,3
2075,134,124,4
2076,134,125,4
2077,134,126,2
2078,134,129,5
2079,134,131,3
2080,134,132,2
2081,135,103,5
2082,135,107,2
2083,135,108,3
2084,135,116,3
2085,135,117,5
2086,135,118,2
2087,135,124,1
2088,135,129,3
2089,136,102,5
2090,136,103,1
2091,136,104,3
2092,136,106,4
2093,136,107,4
2094,136,108,5
2095,136,109,1
2096,136,111,1
2097,136,114,3
2098,136,115,3
2099,136,119,1
2100,136,120,1
2101,136,121,3
2102,136,124,3
2103,136,125,1
2104,136,126,5
2105,136,130,2
2106,136,132,1
2107,137,105,5
2108,137,106,5
2109,137,107,4
2110,137,110,3
2111,137,112,5
2112,137,113,4
2113,137,114,3
2114,137,116,1
2115,137,118,5
2116,137,120,1
2117,137,122,2
2118,137,123,3
2119,137,124,1
2120,137,125,3
2121,137,129,3
2122,137,130,2
2123,137,132,4
2124,138,102,4
2125,138,106,4
2126,138,107,4
2127,138,108,3
2128,138,109,3
2129,138,110,2
2130,138,111,1
2131,138,112,1
2132,138,117,3
2133,138,119,3
2134,138,123,4
2135,138,125,2
2136,138,126,1
2137,138,127,1
2138,138,131,2
2139,138,132,1
2140,139,102,2
2141,139,108,3
2142,139,109,4
2143,139,110,5
2144,139,111,1
2145,139,112,2
2146,139,115,4
2147,139,116,4
2148,139,117,2
2149,139,119,3
2150,139,121,2
2151,139,122,1
2152,139,123,1
2153,139,128,3
2154,139,131,4
2155,139,132,1
2156,140,102,5
2157,140,103,2
2158,140,104,4
2159,140,106,4
2160,140,107,2
2161,140,109,2
2162,140,112,5
2163,140,113,4
2164,140,116,4
2165,140,117,5
2166,140,118,1
2167,140,119,4
2168,140,124,3
2169,140,125,3
2170,140,128,3
2171,140,131,3
2172,141,103,1
2173,141,105,5
2174,141,106,1
2175,141,107,1
2176,141,110,2
2177,141,111,3
2178,141,112,4
2179,141,113,1
2180,141,116,3
2181,141,117,5
2182,141,119,3
2183,141,120,2
2184,141,121,4
2185,141,123,4
2186,141,124,5
2187,141,126,2
2188,141,127,4
2189,141,131,3
2190,141,132,3
2191,142,102,2
2192,142,108,4
2193,142,109,1
2194,142,111,5
2195,142,112,2
2196,142,113,4
2197,142,114,3
2198,142,115,4
2199,142,117,2
2200,142,121,5
2201,142,123,5
2202,142,124,4
2203,142,128,1
2204,143,102,4
2205,143,103,1
2206,143,104,1
2207,143,105,5
2208,143,106,2
2209,143,107,4
2210,143,113,3
2211,143,114,5
2212,143,115,1
2213,143,116,5
2214,143,119,1
2215,143,121,2
2216,143,122,4
2217,143,124,2
2218,143,125,4
2219,143,128,5
2220,143,129,2
2221,143,130,3
2222,143,132,2
2223,144,105,5
2224,144,106,3
2225,144,107,5
2226,144,108,4
2227,144,109,4
2228,144,110,3
2229,144,111,3
2230,144,115,4
2231,144,117,3
2232,144,120,4
2233,144,121,4
2234,144,122,2
2235,144,123,5
2236,144,126,5
2237,144,128,1
2238,144,130,1
2239,144,132,2
2240,145,102,4
2241,145,104,2
2242,145,105,5
2243,145,107,3
2244,145,108,5
2245,145,109,4
2246,145,111,2
2247,145,117,2
2248,145,119,2
2249,145,120,2
2250,145,121,3
2251,145,122,5
2252,145,124,2
2253,145,125,1
2254,145,128,5
2255,145,129,3
2256,145,130,4
2257,145,131,5
2258,146,102,5
2259,146,103,1
2260,146,104,3
2261,146,106,3
2262,146,107,5
2263,146,109,1
2264,146,111,2
2265,146,113,5
2266,146,115,3
2267,146,116,4
2268,146,118,1
2269,146,120,2
2270,146,121,3
2271,146,123,1
2272,146,124,4
2273,146,126,4
2274,146,128,2
2275,146,132,3
2276,147,104,1
2277,147,105,4
2278,147,108,5
2279,147,109,2
2280,147,113,4
2281,147,115,3
2282,147,118,3
2283,147,120,4
2284,147,130,3
2285,147,132,3
2286,148,102,3
2287,148,103,1
2288,148,107,5
2289,148,108,3
2290,148,110,1
2291,148,112,2
2292,148,114,5
2293,148,115,5
2294,148,116,1
2295,148,117,1
2296,148,118,5
2297,148,119,1
2298,148,120,3
2299,148,121,2
2300,148,122,5
2301,148,125,2
2302,148,126,1
2303,148,127,5
2304,148,128,3
2305,148,129,1
2306,149,102,1
2307,149,103,5
2308,149,104,4
2309,149,105,3
2310,149,106,5
2311,149,107,4
2312,149,108,5
2313,149,109,5
2314,149,110,5
2315,149,111,4
2316,149,114,1
2317,149,117,4
2318,149,118,2
2319,149,119,4
2320,149,122,4
2321,149,126,3
2322,149,127,4
2323,149,129,4
2324,149,131,4
2325,149,132,1
2326,150,105,2
2327,150,109,2
2328,150,110,4
2329,150,115,1
2330,150,117,2
2331,150,121,5
2332,150,124,4
2333,150,126,1
2334,150,131,3
2335,150,132,1
2336,151,102,4
2337,151,103,3
2338,151,104,2
2339,151,108,3
2340,151,111,5
2341,151,112,5
2342,151,113,5
2343,151,114,2
2344,151,115,2
2345,151,116,1
2346,151,117,5
2347,151,118,1
2348,151,119,4
2349,151,120,5
2350,151,125,3
2351,151,127,2
2352,151,129,4
2353,151,130,1
2354,151,131,3
2355,152,105,5
2356,152,109,2
2357,152,110,1
2358,152,114,3
2359,152,115,2
2360,152,116,3
2361,152,117,4
2362,152,118,5
2363,152,120,3
2364,152,121,5
2365,152,122,4
2366,152,126,3
2367,152,129,2
2368,152,130,2
2369,152,131,4
2370,153,102,3
2371,153,105,3
2372,153,108,1
2373,153,109,2
2374,153,112,3
2375,153,113,2
2376,153,116,1
2377,153,117,3
2378,153,118,5
2379,153,119,3
2380,153,120,5
2381,153,122,2
2382,153,126,4
2383,153,127,4
2384,153,129,4
2385,153,132,2
2386,154,102,2
2387,154,104,5
2388,154,105,3
2389,154,106,5
2390,154,107,1
2391,154,108,4
2392,154,109,2
2393,154,113,3
2394,154,114,2
2395,154,115,2
2396,154,116,1
2397,154,118,2
2398,154,121,1
2399,154,124,1
2400,154,126,3
2401,154,128,5
2402,155,102,4
2403,155,106,5
2404,155,107,1
2405,155,108,4
2406,155,109,4
2407,155,110,3
2408,155,111,4
2409,155,114,4
2410,155,115,4
2411,155,118,1
2412,155,119,1
2413,155,121,1
2414,155,122,4
2415,155,123,5
2416,155,125,4
2417,155,127,2
2418,155,129,4
2419,155,130,1
2420,155,131,1
2421,156,102,5
2422,156,106,4
2423,156,109,3
2424,156,110,3
2425,156,114,3
2426,156,117,3
2427,156,121,5
2428,156,124,4
2429,156,125,3
2430,156,128,1
2431,156,129,4
2432,156,130,4
2433,156,131,5
2434,156,132,2
2435,157,104,5
2436,157,105,5
2437,157,106,4
2438,157,107,3
2439,157,108,3
2440,157,113,1
2441,157,115,5
2442,157,116,5
2443,157,117,3
2444,157,118,5
2445,157,119,1
2446,157,123,2
2447,157,126,2
2448,157,128,5
2449,157,129,2
2450,157,130,3
2451,157,131,4
2452,157,132,1
2453,158,104,5
2454,158,108,4
2455,158,112,2
2456,158,113,1
2457,158,116,4
2458,158,119,2
2459,158,120,1
2460,158,123,2
2461,158,124,1
2462,158,125,3
2463,158,127,3
2464,158,131,1
2465,158,132,1
2466,159,102,2
2467,159,103,5
2468,159,104,2
2469,159,105,4
2470,159,108,2
2471,159,110,1
2472,159,113,1
2473,159,114,5
2474,159,116,1
2475,159,121,2
2476,159,122,4
2477,159,127,4
2478,159,128,3
2479,159,129,5
2480,159,130,4
2481,160,102,4
2482,160,103,3
2483,160,105,3
2484,160,110,5
2485,160,111,4
2486,160,112,2
2487,160,113,5
2488,160,115,1
2489,160,118,5
2490,160,119,5
2491,160,120,5
2492,160,121,4
2493,160,123,5
2494,160,124,3
2495,160,129,1
2496,160,132,4
2497,161,102,2
2498,161,105,4
2499,161,106,5
2500,161,108,2
2501,161,109,5
2502,161,112,2
2503,161,115,3
2504,161,116,4
2505,161,117,4
2506,161,118,5
2507,161,119,5
2508,161,123,2
2509,161,124,4
2510,161,126,5
2511,161,129,5
2512,161,130,2
2513,161,132,3
2514,162,103,1
2515,162,104,1
2516,162,105,1
2517,162,106,3
2518,162,107,3
2519,162,108,1
2520,162,110,5
2521,162,112,1
2522,162,113,3
2523,162,114,1
2524,162,115,5
2525,162,116,3
2526,162,121,4
2527,162,123,3
2528,162,124,1
2529,162,125,2
2530,162,127,5
2531,162,128,3
2532,162,129,3
2533,162,130,4
2534,162,131,1
2535,162,132,4
2536,163,102,3
2537,163,103,5
2538,163,104,2
2539,163,105,5
2540,163,106,2
2541,163,107,5
2542,163,109,2
2543,163,110,1
2544,163,111,3
2545,163,112,1
2546,163,114,2
2547,163,116,1
2548,163,118,2
2549,163,120,3
2550,163,122,2
2551,163,124,5
2552,163,125,3
2553,163,127,5
2554,163,128,5
2555,163,130,3
2556,163,131,2
2557,163,132,4
2558,164,102,4
2559,164,103,3
2560,164,106,5
2561,164,107,5
2562,164,108,3
2563,164,110,5
2564,164,111,2
2565,164,113,3
2566,164,116,3
2567,164,118,3
2568,164,120,5
2569,164,124,5
2570,164,128,2
2571,164,129,5
2572,164,130,4
2573,164,131,5
2574,165,102,4
2575,165,103,1
2576,165,104,3
2577,165,106,3
2578,165,107,1
2579,165,112,1
2580,165,113,4
2581,165,115,4
2582,165,117,5
2583,165,118,2
2584,165,119,1
2585,165,121,2
2586,165,123,3
2587,165,124,2
2588,165,125,3
2589,165,127,3
2590,165,132,5
2591,166,102,5
2592,166,104,1
2593,166,105,4
2594,166,107,2
2595,166,109,1
2596,166,113,3
2597,166,116,4
2598,166,117,4
2599,166,119,4
2600,166,122,5
2601,166,123,4
2602,166,125,4
2603,166,126,3
2604,166,127,3
2605,166,130,2
2606,166,132,3
2607,167,107,5
2608,167,108,5
2609,167,109,5
2610,167,111,3
2611,167,113,2
2612,167,115,1
2613,167,116,1
2614,167,120,1
2615,167,121,3
2616,167,123,3
2617,167,124,2
2618,167,125,1
2619,167,126,3
2620,167,128,4
2621,167,129,4
2622,167,131,3
2623,167,132,5
2624,168,104,3
2625,168,105,5
2626,168,108,5
2627,168,109,3
2628,168,110,5
2629,168,112,4
2630,168,113,3
2631,168,114,1
2632,168,115,2
2633,168,116,2
2634,168,117,1
2635,168,119,4
2636,168,120,3
2637,168,123,3
2638,168,124,2
2639,168,125,2
2640,168,128,3
2641,168,130,4
2642,168,131,4
2643,168,132,3
2644,169,104,4
2645,169,105,2
2646,169,106,4
2647,169,108,5
2648,169,110,4
2649,169,111,1
2650,169,112,3
2651,169,113,1
2652,169,115,1
2653,169,118,2
2654,169,119,3
2655,169,122,2
2656,169,125,5
2657,169,127,5
2658,169,128,3
2659,169,129,2
2660,169,131,4
2661,170,102,1
2662,170,106,1
2663,170,107,1
2664,170,110,3
2665,170,112,1
2666,170,113,4
2667,170,114,3
2668,170,115,4
2669,170,116,2
2670,170,117,4
2671,170,118,2
2672,170,119,5
2673,170,122,5
2674,170,123,4
2675,170,125,2
2676,170,126,1
2677,170,128,3
2678,170,131,5
2679,170,132,1
2680,171,102,5
2681,171,103,1
2682,171,104,2
2683,171,106,3
2684,171,109,3
2685,171,110,4
2686,171,112,2
2687,171,114,2
2688,171,115,1
2689,171,116,4
2690,171,120,5
2691,171,123,3
2692,171,124,4
2693,171,125,3
2694,171,126,4
2695,171,129,1
2696,171,130,1
2697,171,132,5
2698,172,102,1
2699,172,103,3
2700,172,104,4
2701,172,106,2
2702,172,109,5
2703,172,110,4
2704,172,111,2
2705,172,117,4
2706,172,119,1
2707,172,122,4
2708,172,124,2
2709,172,127,4
2710,172,130,5
2711,172,131,2
2712,173,102,3
2713,173,103,3
2714,173,111,5
2715,173,118,3
2716,173,119,3
2717,173,126,4
2718,173,128,2
2719,173,130,5
2720,173,132,1
2721,174,102,2
2722,174,103,5
2723,174,104,4
2724,174,105,2
2725,174,113,2
2726,174,115,4
2727,174,116,5
2728,174,118,5
2729,174,121,1
2730,174,123,2
2731,174,124,5
2732,174,125,5
2733,174,130,3
2734,174,132,3
2735,175,102,5
2736,175,104,5
2737,175,107,5
2738,175,109,2
2739,175,117,5
2740,175,118,2
2741,175,119,1
2742,175,120,1
2743,175,121,5
2744,175,123,5
2745,175,132,5
2746,176,102,4
2747,176,103,2
2748,176,104,5
2749,176,106,1
2750,176,109,5
2751,176,110,4
2752,176,112,4
2753,176,116,3
2754,176,118,5
2755,176,120,5
2756,176,127,2
2757,176,131,3
2758,176,132,3
2759,177,102,1
2760,177,105,4
2761,177,107,4
2762,177,112,5
2763,177,113,4
2764,177,115,5
2765,177,116,1
2766,177,117,4
2767,177,118,1
2768,177,119,2
2769,177,125,2
2770,177,126,2
2771,177,129,1
2772,177,130,5
2773,178,102,4
2774,178,103,2
2775,178,104,4
2776,178,105,5
2777,178,109,4
2778,178,110,4
2779,178,120,2
2780,178,122,2
2781,178,124,4
2782,178,128,3
2783,178,130,1
2784,179,106,1
2785,179,109,5
2786,179,114,2
2787,179,118,2
2788,179,120,2
2789,179,121,4
2790,179,123,4
2791,179,124,1
2792,179,126,1
2793,179,132,3
2794,180,102,5
2795,180,103,1
2796,180,104,4
2797,180,105,4
2798,180,107,3
2799,180,110,1
2800,180,111,1
2801,180,112,3
2802,180,113,5
2803,180,114,2
2804,180,115,2
2805,180,117,4
2806,180,121,3
2807,180,126,2
2808,181,102,5
2809,181,103,3
2810,181,104,4
2811,181,106,4
2812,181,107,4
2813,181,109,4
2814,181,111,4
2815,181,112,1
2816,181,113,3
2817,181,117,3
2818,181,118,1
2819,181,119,5
2820,181,121,3
2821,181,122,3
2822,181,123,5
2823,181,124,3
2824,181,125,3
2825,181,126,3
2826,181,127,2
2827,181,128,4
2828,181,129,1
2829,182,106,3
2830,182,107,4
2831,182,112,1
2832,182,114,2
2833,182,115,4
2834,182,117,3
2835,182,118,1
2836,182,119,4
2837,182,121,4
2838,182,122,1
2839,182,123,2
2840,182,124,2
2841,182,125,5
2842,182,126,5
2843,182,128,4
2844,182,131,2
2845,182,132,1
2846,183,105,3
2847,183,107,4
2848,183,112,5
2849,183,114,1
2850,183,115,5
2851,183,116,2
2852,183,117,3
2853,183,118,5
2854,183,119,4
2855,183,125,5
2856,183,126,4
2857,183,128,5
2858,184,102,5
2859,184,106,4
2860,184,107,3
2861,184,108,4
2862,184,110,3
2863,184,114,2
2864,184,115,4
2865,184,117,2
2866,184,121,4
2867,184,124,4
2868,184,126,4
2869,184,132,3
2870,185,105,2
2871,185,110,2
2872,185,111,5
2873,185,112,5
2874,185,113,5
2875,185,114,3
2876,185,116,5
2877,185,117,4
2878,185,119,5
2879,185,120,4
2880,185,124,4
2881,185,127,1
2882,185,128,1
2883,185,130,4
2884,185,131,4
2885,186,105,2
2886,186,106,4
2887,186,110,4
2888,186,112,5
2889,186,113,1
2890,186,114,5
2891,186,119,4
2892,186,121,5
2893,186,123,4
2894,186,124,3
2895,186,126,2
2896,186,127,4
2897,186,130,4
2898,186,131,1
2899,186,132,2
2900,187,102,3
2901,187,103,1
2902,187,104,5
2903,187,105,4
2904,187,106,5
2905,187,108,1
2906,187,112,5
2907,187,114,5
2908,187,115,2
2909,187,116,4
2910,187,117,2
2911,187,119,5
2912,187,120,4
2913,187,122,1
2914,187,125,2
2915,187,127,2
2916,187,128,4
2917,187,131,1
2918,187,132,3
2919,188,102,2
2920,188,103,4
2921,188,110,3
2922,188,111,3
2923,188,112,2
2924,188,113,1
2925,188,114,2
2926,188,115,4
2927,188,123,2
2928,188,125,5
2929,188,126,5
2930,188,130,2
2931,189,102,3
2932,189,108,3
2933,189,112,3
2934,189,113,5
2935,189,114,4
2936,189,115,5
2937,189,116,4
2938,189,117,2
2939,189,118,5
2940,189,120,1
2941,189,124,5
2942,189,125,2
2943,189,130,1
2944,190,104,1
2945,190,105,2
2946,190,106,5
2947,190,107,4
2948,190,112,1
2949,190,114,2
2950,190,115,4
2951,190,117,4
2952,190,118,2
2953,190,119,4
2954,190,120,4
2955,190,123,1
2956,190,124,1
2957,190,125,3
2958,190,129,5
2959,190,130,4
2960,190,131,3
2961,190,132,3
2962,191,102,4
2963,191,103,1
2964,191,104,4
2965,191,109,2
2966,191,110,2
2967,191,111,2
2968,191,119,1
2969,191,120,5
2970,191,121,4
2971,191,126,1
2972,191,127,4
2973,191,128,1
2974,191,130,3
2975,192,103,1
2976,192,105,1
2977,192,106,1
2978,192,107,1
2979,192,108,5
2980,192,114,3
2981,192,116,5
2982,192,118,1
2983,192,119,2
2984,192,121,4
2985,192,122,2
2986,192,127,3
2987,192,128,4
2988,192,132,1
2989,193,102,1
2990,193,105,5
2991,193,109,4
2992,193,113,1
2993,193,114,5
2994,193,116,3
2995,193,117,2
2996,193,118,3
2997,193,119,4
2998,193,122,5
2999,193,127,2
3000,193,131,1
3001,193,132,2
3002,194,102,5
3003,194,103,4
3004,194,105,1
3005,194,106,5
3006,194,110,1
3007,194,112,5
3008,194,116,3
3009,194,117,4
3010,194,120,4
3011,194,121,3
3012,194,124,5
3013,194,125,1
3014,194,128,1
3015,194,129,1
3016,194,130,5
3017,195,102,2
3018,195,104,5
3019,195,109,4
3020,195,110,4
3021,195,111,4
3022,195,112,2
3023,195,113,2
3024,195,114,1
3025,195,115,3
3026,195,117,2
3027,195,118,2
3028,195,119,4
3029,195,121,4
3030,195,123,3
3031,195,124,4
3032,195,125,4
3033,195,127,2
3034,195,131,2
3035,196,106,5
3036,196,108,1
3037,196,109,3
3038,196,110,2
3039,196,115,2
3040,196,117,2
3041,196,118,5
3042,196,120,2
3043,196,121,3
3044,196,124,5
3045,196,126,5
3046,196,130,2
3047,197,102,5
3048,197,103,5
3049,197,104,3
3050,197,105,4
3051,197,106,2
3052,197,108,1
3053,197,109,2
3054,197,111,4
3055,197,113,1
3056,197,115,3
3057,197,116,1
3058,197,118,3
3059,197,119,2
3060,197,123,1
3061,197,127,2
3062,197,128,5
3063,197,129,1
3064,197,130,4
3065,197,131,1
3066,197,132,2
3067,198,102,5
3068,198,103,5
3069,198,104,1
3070,198,105,3
3071,198,108,5
3072,198,109,1
3073,198,110,2
3074,198,111,3
3075,198,113,3
3076,198,115,5
3077,198,116,3
3078,198,117,5
3079,198,120,2
3080,198,122,5
3081,198,123,2
3082,198,125,5
3083,198,126,5
3084,198,127,3
3085,198,129,2
3086,198,130,3
3087,198,131,2
3088,198,132,3
3089,199,103,2
3090,199,104,2
3091,199,107,3
3092,199,108,4
3093,199,110,5
3094,199,111,4
3095,199,112,3
3096,199,114,4
3097,199,117,1
3098,199,118,5
3099,199,119,4
3100,199,121,3
3101,199,125,5
3102,199,126,4
3103,199,128,2
3104,200,103,2
3105,200,104,1
3106,200,106,4
3107,200,107,5
3108,200,108,3
3109,200,109,5
3110,200,110,5
3111,200,113,2
3112,200,115,2
3113,200,116,1
3114,200,118,4
3115,200,121,4
3116,200,122,1
3117,200,124,4
3118,200,129,2
3119,200,130,2
3120,200,132,3
3121,201,102,4
3122,201,104,3
3123,201,106,1
3124,201,108,4
3125,201,109,4
3126,201,110,3
3127,201,111,3
3128,201,113,3
3129,201,114,2
3130,201,116,4
3131,201,117,5
3132,201,118,5
3133,201,119,2
3134,201,120,4
3135,201,121,4
3136,201,124,3
3137,201,126,1
3138,201,129,1
3139,201,131,3
3140,202,104,1
3141,202,106,1
3142,202,108,2
3143,202,110,3
3144,202,111,1
3145,202,112,3
3146,202,114,2
3147,202,118,2
3148,202,119,4
3149,202,121,1
3150,202,122,4
3151,202,125,3
3152,202,126,5
3153,202,129,2
3154,202,131,2
3155,202,132,5
3156,203,102,4
3157,203,104,3
3158,203,105,1
3159,203,106,3
3160,203,108,2
3161,203,110,5
3162,203,114,2
3163,203,116,5
3164,203,117,3
3165,203,118,1
3166,203,119,2
3167,203,122,2
3168,203,124,2
3169,203,126,4
3170,203,127,3
3171,203,128,5
3172,203,129,5
3173,203,130,1
3174,203,132,2
3175,204,103,4
3176,204,105,3
3177,204,106,3
3178,204,108,2
3179,204,109,2
3180,204,110,1
3181,204,112,4
3182,204,113,3
3183,204,114,2
3184,204,116,2
3185,204,117,2
3186,204,118,3
3187,204,119,3
3188,204,124,2
3189,204,125,1
3190,204,128,4
3191,204,129,2
3192,204,130,3
3193,204,131,3
3194,204,132,5
3195,205,103,1
3196,205,104,4
3197,205,105,4
3198,205,106,3
3199,205,108,3
3200,205,112,1
3201,205,113,3
3202,205,118,4
3203,205,120,3
3204,205,121,3
3205,205,122,5
3206,205,126,5
3207,205,130,1
3208,205,131,2
3209,205,132,5
3210,206,103,5
3211,206,104,1
3212,206,106,1
3213,206,108,2
3214,206,109,1
3215,206,110,4
3216,206,112,5
3217,206,114,2
3218,206,116,5
3219,206,117,4
3220,206,121,3
3221,206,123,1
3222,206,129,5
3223,206,130,3
3224,207,102,2
3225,207,103,2
3226,207,104,5
3227,207,105,1
3228,207,107,4
3229,207,113,5
3230,207,114,5
3231,207,116,1
3232,207,117,2
3233,207,119,2
3234,207,120,1
3235,207,121,2
3236,207,122,1
3237,207,125,4
3238,207,126,3
3239,207,127,4
3240,207,129,4
3241,207,130,4
3242,207,132,5
3243,208,105,1
3244,208,107,5
3245,208,109,2
3246,208,112,3
3247,208,113,4
3248,208,115,1
3249,208,118,2
3250,208,119,5
3251,208,120,4
3252,208,122,2
3253,208,125,4
3254,208,128,4
3255,208,129,3
3256,208,130,1
3257,208,131,1
3258,209,102,4
3259,209,103,1
3260,209,104,1
3261,209,105,3
3262,209,108,1
3263,209,109,3
3264,209,111,4
3265,209,112,3
3266,209,117,3
3267,209,118,1
3268,209,120,2
3269,209,122,5
3270,209,123,4
3271,209,130,3
3272,210,102,2
3273,210,103,4
3274,210,104,2
3275,210,106,4
3276,210,107,4
3277,210,109,1
3278,210,114,1
3279,210,115,5
3280,210,116,3
3281,210,117,1
3282,210,118,1
3283,210,120,4
3284,210,121,3
3285,210,122,4
3286,210,126,3
3287,210,128,4
3288,210,129,3
3289,210,130,4
3290,210,132,2
3291,211,103,2
3292,211,105,3
3293,211,106,4
3294,211,114,3
3295,211,117,1
3296,211,125,5
3297,211,129,5
3298,212,102,3
3299,212,104,2
3300,212,106,5
3301,212,107,3
3302,212,108,2
3303,212,113,3
3304,212,114,1
3305,212,117,2
3306,212,121,3
3307,212,122,3
3308,212,124,4
3309,212,125,5
3310,212,126,1
3311,212,129,1
3312,212,130,5
3313,212,132,5
3314,213,104,4
3315,213,105,3
3316,213,106,5
3317,213,108,2
3318,213,109,3
3319,213,110,3
3320,213,111,2
3321,213,112,1
3322,213,114,3
3323,213,117,2
3324,213,119,4
3325,213,120,1
3326,213,121,3
3327,213,122,2
3328,213,123,2
3329,213,126,4
3330,213,127,4
3331,213,128,3
3332,213,132,2
3333,214,103,5
3334,214,104,5
3335,214,106,3
3336,214,107,2
3337,214,109,2
3338,214,110,1
3339,214,111,3
3340,214,113,2
3341,214,114,1
3342,214,115,2
3343,214,117,1
3344,214,118,3
3345,214,121,1
3346,214,124,1
3347,214,126,5
3348,214,127,5
3349,214,128,1
3350,214,129,3
3351,214,130,3
3352,214,132,4
3353,215,102,2
3354,215,105,4
3355,215,108,4
3356,215,111,1
3357,215,112,4
3358,215,114,4
3359,215,115,4
3360,215,116,4
3361,215,117,4
3362,215,120,4
3363,215,121,5
3364,215,123,1
3365,215,124,4
3366,215,125,3
3367,215,129,3
3368,215,131,5
3369,215,132,4
3370,216,103,1
3371,216,104,3
3372,216,105,4
3373,216,107,4
3374,216,108,5
3375,216,111,3
3376,216,112,2
3377,216,113,2
3378,216,116,4
3379,216,118,3
3380,216,119,5
3381,216,122,3
3382,216,123,2
3383,216,125,4
3384,216,130,2
3385,216,131,5
3386,216,132,2
3387,217,103,1
3388,217,108,5
3389,217,109,5
3390,217,110,5
3391,217,112,1
3392,217,113,2
3393,217,115,1
3394,217,116,4
3395,217,118,2
3396,217,119,5
3397,217,122,5
3398,217,124,2
3399,217,126,5
3400,217,127,2
3401,217,128,4
3402,217,131,1
3403,217,132,1
3404,218,102,3
3405,218,107,2
3406,218,108,1
3407,218,110,1
3408,218,113,1
3409,218,114,3
3410,218,116,2
3411,218,119,5
3412,218,120,3
3413,218,121,2
3414,218,123,2
3415,218,127,1
3416,218,131,2
3417,218,132,4
3418,219,102,5
3419,219,104,5
3420,219,106,3
3421,219,107,4
3422,219,109,5
3423,219,110,2
3424,219,115,4
3425,219,116,4
3426,219,117,4
3427,219,119,5
3428,219,124,4
3429,219,125,5
3430,219,126,2
3431,219,128,4
3432,219,129,1
3433,219,131,2
3434,220,103,1
3435,220,107,3
3436,220,108,2
3437,220,112,3
3438,220,113,4
3439,220,114,3
3440,220,116,2
3441,220,117,4
3442,220,118,4
3443,220,120,2
3444,220,123,1
3445,220,124,5
3446,220,127,5
3447,220,129,3
3448,220,130,2
3449,220,132,2
3450,221,104,2
3451,221,108,4
3452,221,112,1
3453,221,113,2
3454,221,114,4
3455,221,117,2
3456,221,118,4
3457,221,122,2
3458,221,124,1
3459,221,126,4
3460,221,127,4
3461,221,128,1
3462,221,132,5
3463,222,102,2
3464,222,103,2
3465,222,106,5
3466,222,108,2
3467,222,112,2
3468,222,114,5
3469,222,117,4
3470,222,118,4
3471,222,119,2
3472,222,123,3
3473,222,126,2
3474,222,130,3
3475,222,132,4
3476,223,102,3
3477,223,104,2
3478,223,106,4
3479,223,107,2
3480,223,109,3
3481,223,110,5
3482,223,111,2
3483,223,113,5
3484,223,114,4
3485,223,115,5
3486,223,116,1
3487,223,117,5
3488,223,119,4
3489,223,122,3
3490,223,124,3
3491,223,125,4
3492,223,127,1
3493,223,130,4
3494,223,132,4
3495,224,102,2
3496,224,103,3
3497,224,106,4
3498,224,107,3
3499,224,108,2
3500,224,110,1
3501,224,111,4
3502,224,114,4
3503,224,117,3
3504,224,118,3
3505,224,120,4
3506,224,125,3
3507,224,126,4
3508,224,128,2
3509,224,129,1
3510,224,130,1
3511,224,131,4
3512,225,102,4
3513,225,103,5
3514,225,105,5
3515,225,106,1
3516,225,107,1
3517,225,110,1
3518,225,112,1
3519,225,113,1
3520,225,115,5
3521,225,120,4
3522,225,121,2
3523,225,122,1
3524,225,123,1
3525,225,125,1
3526,225,127,4
3527,225,128,3
3528,225,129,2
3529,225,130,5
3530,225,131,2
3531,225,132,2
3532,226,102,5
3533,226,103,1
3534,226,106,1
3535,226,108,4
3536,226,111,4
3537,226,112,1
3538,226,114,5
3539,226,116,4
3540,226,120,4
3541,226,121,5
3542,226,122,2
3543,226,124,4
3544,226,126,5
3545,226,127,4
3546,226,128,1
3547,226,129,5
3548,226,131,1
3549,226,132,2
3550,227,104,1
3551,227,106,4
3552,227,107,5
3553,227,109,1
3554,227,110,2
3555,227,111,1
3556,227,113,4
3557,227,114,4
3558,227,115,5
3559,227,116,1
3560,227,117,1
3561,227,118,2
3562,227,119,4
3563,227,121,4
3564,227,124,3
3565,227,131,1
3566,228,102,3
3567,228,105,5
3568,228,106,3
3569,228,109,2
3570,228,111,3
3571,228,112,3
3572,228,113,4
3573,228,114,1
3574,228,115,1
3575,228,118,4
3576,228,121,1
3577,228,122,4
3578,228,123,3
3579,228,125,2
3580,228,126,4
3581,228,129,1
3582,228,130,1
3583,229,104,3
3584,229,105,5
3585,229,109,4
3586,229,110,3
3587,229,112,4
3588,229,113,3
3589,229,115,3
3590,229,117,2
3591,229,118,5
3592,229,119,5
3593,229,120,5
3594,229,123,1
3595,229,124,5
3596,229,125,2
3597,229,126,5
3598,229,132,5
3599,230,102,3
3600,230,103,5
3601,230,104,4
3602,230,107,1
3603,230,108,5
3604,230,109,4
3605,230,110,2
3606,230,113,3
3607,230,114,3
3608,230,115,1
3609,230,120,2
3610,230,121,1
3611,230,125,5
3612,230,126,5
3613,230,128,3
3614,230,129,3
3615,230,132,4
3616,231,105,5
3617,231,106,4
3618,231,107,4
3619,231,108,5
3620,231,110,2
3621,231,112,1
3622,231,113,4
3623,231,114,4
3624,231,115,1
3625,231,117,3
3626,231,119,5
3627,231,121,5
3628,231,125,1
3629,231,126,5
3630,231,131,3
3631,232,102,4
3632,232,104,3
3633,232,108,2
3634,232,113,3
3635,232,115,5
3636,232,116,3
3637,232,117,2
3638,232,118,2
3639,232,119,1
3640,232,122,3
3641,232,123,5
3642,232,125,2
3643,232,129,2
3644,232,130,4
3645,232,131,4
3646,233,105,1
3647,233,106,5
3648,233,116,5
3649,233,120,3
3650,233,124,1
3651,233,126,1
3652,233,131,3
3653,233,132,1
3654,234,102,2
3655,234,104,1
3656,234,105,1
3657,234,106,2
3658,234,110,2
3659,234,112,2
3660,234,114,5
3661,234,116,5
3662,234,117,2
3663,234,122,4
3664,234,123,5
3665,234,124,4
3666,234,125,1
3667,234,126,3
3668,234,129,4
3669,234,130,1
3670,234,131,4
3671,235,102,3
3672,235,103,3
3673,235,104,1
3674,235,105,1
3675,235,107,1
3676,235,108,1
3677,235,116,3
3678,235,117,5
3679,235,119,5
3680,235,120,3
3681,235,122,4
3682,235,123,4
3683,235,124,4
3684,235,125,1
3685,235,126,5
3686,235,127,2
3687,235,129,3
3688,235,130,4
3689,235,132,3
3690,236,102,2
3691,236,103,5
3692,236,104,4
3693,236,106,4
3694,236,109,3
3695,236,113,2
3696,236,115,1
3697,236,116,4
3698,236,118,1
3699,236,119,5
3700,236,120,3
3701,236,121,1
3702,236,123,2
3703,236,124,4
3704,236,128,5
3705,236,130,3
3706,236,131,1
3707,237,104,4
3708,237,105,1
3709,237,106,3
3710,237,107,3
3711,237,108,4
3712,237,109,1
3713,237,112,3
3714,237,114,3
3715,237,115,5
3716,237,116,2
3717,237,117,1
3718,237,119,5
3719,237,126,3
3720,237,129,3
3721,237,131,5
3722,238,103,2
3723,238,104,4
3724,238,105,3
3725,238,110,5
3726,238,111,4
3727,238,116,2
3728,238,117,4
3729,238,118,2
3730,238,119,4
3731,238,120,2
3732,238,121,4
3733,238,124,2
3734,238,127,4
3735,238,129,1
3736,238,130,1
3737,239,103,3
3738,239,104,2
3739,239,107,2
3740,239,111,5
3741,239,112,3
3742,239,113,3
3743,239,115,2
3744,239,116,5
3745,239,117,3
3746,239,119,1
3747,239,121,1
3748,239,122,2
3749,239,123,4
3750,239,126,1
3751,239,131,2
3752,240,105,3
3753,240,106,1
3754,240,110,2
3755,240,111,1
3756,240,113,2
3757,240,114,2
3758,240,115,4
3759,240,116,2
3760,240,117,5
3761,240,119,1
3762,240,120,2
3763,240,121,3
3764,240,124,1
3765,240,125,5
3766,240,127,5
3767,240,131,5
3768,240,132,2
3769,241,102,5
3770,241,103,5
3771,241,108,3
3772,241,110,1
3773,241,111,4
3774,241,114,1
3775,241,115,5
3776,241,121,2
3777,241,122,3
3778,241,124,4
3779,241,125,1
3780,241,126,3
3781,241,127,3
3782,241,130,3
3783,241,131,3
3784,242,102,2
3785,242,103,5
3786,242,104,1
3787,242,106,1
3788,242,107,4
3789,242,108,3
3790,242,110,4
3791,242,113,5
3792,242,114,4
3793,242,115,4
3794,242,117,1
3795,242,119,3
3796,242,120,5
3797,242,124,2
3798,242,125,2
3799,242,129,2
3800,243,102,2
3801,243,103,4
3802,243,105,2
3803,243,109,1
3804,243,110,5
3805,243,112,5
3806,243,113,5
3807,243,115,2
3808,243,116,4
3809,243,117,5
3810,243,119,5
3811,243,122,3
3812,243,123,3
3813,243,124,1
3814,243,125,3
3815,243,126,5
3816,243,128,4
3817,243,131,2
3818,244,102,5
3819,244,104,2
3820,244,106,1
3821,244,108,3
3822,244,110,3
3823,244,111,5
3824,244,112,3
3825,244,116,4
3826,244,122,5
3827,244,123,3
3828,244,128,1
3829,244,132,1
3830,245,102,4
3831,245,103,1
3832,245,107,2
3833,245,108,5
3834,245,111,4
3835,245,112,1
3836,245,113,3
3837,245,116,2
3838,245,118,3
3839,245,119,4
3840,245,120,4
3841,245,121,4
3842,245,123,1
3843,245,124,2
3844,245,125,3
3845,245,126,2
3846,245,132,5
3847,246,105,5
3848,246,106,4
3849,246,111,2
3850,246,112,1
3851,246,118,1
3852,246,122,5
3853,246,123,4
3854,246,124,4
3855,246,125,4
3856,246,126,2
3857,246,127,3
3858,246,130,1
3859,246,131,2
3860,246,132,5
3861,247,102,1
3862,247,104,3
3863,247,105,1
3864,247,106,2
3865,247,107,3
3866,247,109,1
3867,247,110,3
3868,247,111,5
3869,247,115,1
3870,247,120,5
3871,247,122,1
3872,247,124,4
3873,247,126,3
3874,247,127,2
3875,247,129,2
3876,247,130,2
3877,247,131,1
3878,247,132,4
3879,248,102,5
3880,248,103,1
3881,248,108,3
3882,248,109,1
3883,248,110,5
3884,248,111,4
3885,248,112,5
3886,248,115,5
3887,248,116,1
3888,248,118,4
3889,248,119,3
3890,248,121,5
3891,248,127,3
3892,248,129,1
3893,248,131,1
3894,249,103,4
3895,249,105,3
3896,249,106,4
3897,249,107,2
3898,249,108,1
3899,249,109,2
3900,249,112,5
3901,249,114,1
3902,249,116,3
3903,249,117,3
3904,249,118,4
3905,249,120,4
3906,249,121,2
3907,249,123,3
3908,249,124,1
3909,249,126,5
3910,249,127,3
3911,249,129,5
3912,249,131,1
3913,249,132,4
3914,250,102,2
3915,250,104,5
3916,250,106,3
3917,250,107,4
3918,250,108,5
3919,250,110,5
3920,250,111,4
3921,250,114,5
3922,250,115,2
3923,250,116,3
3924,250,119,1
3925,250,120,3
3926,250,121,2
3927,250,122,3
3928,250,123,3
3929,250,127,5
3930,250,131,3
3931,251,102,2
3932,251,103,2
3933,251,105,3
3934,251,107,3
3935,251,108,4
3936,251,109,5
3937,251,110,4
3938,251,112,5
3939,251,113,3
3940,251,114,5
3941,251,115,3
3942,251,117,1
3943,251,118,3
3944,251,119,2
3945,251,120,2
3946,251,122,1
3947,251,124,3
3948,251,125,3
3949,251,128,1
3950,251,129,4
3951,251,130,4
3952,251,131,5
3953,252,102,3
3954,252,104,4
3955,252,105,5
3956,252,108,2
3957,252,109,2
3958,252,111,1
3959,252,112,1
3960,252,113,2
3961,252,114,3
3962,252,117,1
3963,252,118,3
3964,252,123,1
3965,252,124,2
3966,252,126,4
3967,252,130,2
3968,252,131,1
3969,253,102,4
3970,253,103,2
3971,253,105,2
3972,253,107,5
3973,253,109,3
3974,253,111,2
3975,253,112,4
3976,253,113,2
3977,253,114,5
3978,253,115,3
3979,253,116,4
3980,253,118,3
3981,253,120,2
3982,253,122,5
3983,253,126,4
3984,253,127,4
3985,253,128,5
3986,253,129,4
3987,253,130,4
3988,253,131,1
3989,253,132,4
3990,254,104,2
3991,254,105,1
3992,254,106,5
3993,254,107,3
3994,254,109,4
3995,254,110,4
3996,254,111,2
3997,254,112,1
3998,254,114,1
3999,254,115,2
4000,254,116,3
4001,254,118,1
4002,254,119,3
4003,254,120,5
4004,254,122,5
4005,254,123,3
4006,254,125,5
4007,254,129,4
4008,254,131,4
4009,255,106,5
4010,255,108,2
4011,255,110,2
4012,255,112,5
4013,255,115,3
4014,255,117,4
4015,255,118,4
4016,255,121,2
4017,255,123,2
4018,255,124,4
4019,255,125,4
4020,255,127,5
4021,255,131,5
4022,255,132,3
4023,256,104,4
4024,256,105,3
4025,256,106,5
4026,256,107,4
4027,256,108,4
4028,256,112,5
4029,256,113,4
4030,256,114,1
4031,256,116,3
4032,256,117,2
4033,256,123,2
4034,256,124,2
4035,256,125,1
4036,256,126,5
4037,256,127,3
4038,256,131,4
4039,256,132,1
4040,257,103,5
4041,257,104,4
4042,257,106,2
4043,257,108,1
4044,257,110,2
4045,257,111,5
4046,257,113,2
4047,257,114,5
4048,257,115,2
4049,257,117,2
4050,257,119,4
4051,257,120,3
4052,257,123,3
4053,257,124,5
4054,257,127,2
4055,257,128,5
4056,257,132,1
4057,258,103,2
4058,258,104,5
4059,258,105,4
4060,258,107,2
4061,258,111,4
4062,258,112,4
4063,258,113,1
4064,258,116,3
4065,258,119,5
4066,258,122,1
4067,258,125,3
4068,258,127,3
4069,258,128,4
4070,258,129,3
4071,258,132,4
4072,259,107,5
4073,259,108,4
4074,259,113,3
4075,259,114,3
4076,259,115,5
4077,259,116,2
4078,259,117,4
4079,259,121,1
4080,259,123,3
4081,259,127,3
4082,259,128,5
4083,259,129,2
4084,259,130,3
4085,260,104,2
4086,260,105,4
4087,260,107,1
4088,260,109,4
4089,260,110,1
4090,260,111,4
4091,260,112,1
4092,260,113,3
4093,260,121,2
4094,260,122,4
4095,260,124,5
4096,260,125,4
4097,260,126,5
4098,260,127,4
4099,261,102,1
4100,261,104,2
4101,261,106,5
4102,261,107,2
4103,261,110,5
4104,261,111,2
4105,261,113,3
4106,261,116,5
4107,261,118,5
4108,261,120,4
4109,261,122,4
4110,261,123,5
4111,261,124,2
4112,261,127,3
4113,261,130,3
4114,261,132,3
4115,262,102,5
4116,262,106,4
4117,262,107,1
4118,262,108,3
4119,262,109,3
4120,262,110,1
4121,262,111,4
4122,262,112,5
4123,262,117,1
4124,262,118,3
4125,262,120,4
4126,262,121,1
4127,262,124,1
4128,262,128,1
4129,262,132,2
4130,263,102,1
4131,263,103,4
4132,263,105,3
4133,263,108,4
4134,263,110,4
4135,263,112,5
4136,263,115,5
4137,263,116,2
4138,263,117,2
4139,263,120,2
4140,263,121,2
4141,263,122,4
4142,263,123,2
4143,263,129,2
4144,263,130,2
4145,263,131,4
4146,264,102,3
4147,264,108,4
4148,264,109,5
4149,264,114,4
4150,264,115,2
4151,264,116,5
4152,264,117,2
4153,264,119,1
4154,264,123,3
4155,264,124,5
4156,264,128,5
4157,264,129,3
4158,264,130,4
4159,264,131,3
4160,265,105,1
4161,265,107,2
4162,265,108,2
4163,265,109,1
4164,265,111,2
4165,265,112,1
4166,265,114,4
4167,265,116,5
4168,265,120,1
4169,265,121,5
4170,265,122,1
4171,265,125,1
4172,265,128,3
4173,265,129,4
4174,265,131,3
4175,265,132,1
4176,266,102,2
4177,266,105,2
4178,266,107,3
4179,266,108,3
4180,266,109,5
4181,266,110,1
4182,266,111,1
4183,266,113,4
4184,266,114,4
4185,266,116,5
4186,266,117,2
4187,266,118,5
4188,266,119,5
4189,266,120,2
4190,266,124,3
4191,266,125,3
4192,266,129,2
4193,266,131,1
4194,266,132,3
4195,267,104,1
4196,267,105,2
4197,267,110,2
4198,267,111,1
4199,267,114,4
4200,267,115,2
4201,267,117,5
4202,267,118,4
4203,267,119,2
4204,267,120,2
4205,267,121,4
4206,267,123,4
4207,267,124,5
4208,267,126,1
4209,267,128,4
4210,267,131,4
4211,268,103,5
4212,268,104,5
4213,268,106,3
4214,268,107,2
4215,268,108,1
4216,268,109,3
4217,268,110,3
4218,268,111,4
4219,268,112,4
4220,268,113,1
4221,268,114,4
4222,268,118,4
4223,268,122,2
4224,268,123,4
4225,268,124,2
4226,268,127,2
4227,268,129,5
4228,268,131,4
4229,268,132,1
4230,269,102,5
4231,269,103,2
4232,269,104,1
4233,269,106,3
4234,269,110,4
4235,269,114,2
4236,269,115,4
4237,269,118,1
4238,269,119,5
4239,269,120,3
4240,269,122,4
4241,269,123,5
4242,269,126,2
4243,269,131,2
4244,269,132,3
4245,270,102,2
4246,270,104,4
4247,270,105,1
4248,270,106,1
4249,270,110,3
4250,270,112,5
4251,270,113,2
4252,270,114,2
4253,270,115,5
4254,270,117,2
4255,270,118,1
4256,270,119,2
4257,270,121,2
4258,270,122,4
4259,270,124,4
4260,270,125,2
4261,270,128,5
4262,270,130,5
4263,270,131,4
4264,270,132,2
4265,271,103,5
4266,271,105,3
4267,271,106,4
4268,271,109,4
4269,271,118,3
4270,271,120,4
4271,271,121,3
4272,271,123,4
4273,271,126,5
4274,271,127,2
4275,271,130,3
4276,271,131,2
4277,272,102,3
4278,272,103,3
4279,272,108,3
4280,272,111,4
4281,272,112,2
4282,272,113,2
4283,272,115,3
4284,272,116,2
4285,272,117,4
4286,272,119,3
4287,272,120,5
4288,272,122,2
4289,272,124,2
4290,272,125,2
4291,272,126,4
4292,272,128,2
4293,272,129,1
4294,272,130,1
4295,273,109,3
4296,273,110,1
4297,273,113,1
4298,273,114,2
4299,273,118,4
4300,273,119,1
4301,273,122,3
4302,273,124,3
4303,273,125,4
4304,273,126,3
4305,273,127,3
4306,273,128,1
4307,273,129,3
4308,273,130,4
4309,273,131,4
4310,273,132,2
4311,274,102,3
4312,274,103,1
4313,274,104,4
4314,274,106,2
4315,274,107,2
4316,274,108,4
4317,274,109,1
4318,274,110,2
4319,274,111,3
4320,274,112,3
4321,274,113,3
4322,274,114,5
4323,274,116,4
4324,274,117,4
4325,274,118,4
4326,274,120,4
4327,274,122,5
4328,274,124,3
4329,274,125,4
4330,274,126,2
4331,274,128,2
4332,274,131,3
4333,274,132,2
4334,275,102,4
4335,275,106,1
4336,275,109,1
4337,275,111,4
4338,275,112,5
4339,275,114,4
4340,275,115,5
4341,275,117,4
4342,275,118,2
4343,275,119,2
4344,275,123,4
4345,275,124,1
4346,275,126,1
4347,275,127,3
4348,276,102,5
4349,276,109,3
4350,276,110,2
4351,276,112,1
4352,276,113,2
4353,276,114,2
4354,276,115,1
4355,276,116,1
4356,276,121,1
4357,276,123,2
4358,276,124,5
4359,276,126,5
4360,276,127,3
4361,276,129,1
4362,276,130,3
4363,276,132,1
4364,277,105,4
4365,277,106,2
4366,277,108,4
4367,277,110,2
4368,277,111,4
4369,277,115,2
4370,277,118,1
4371,277,119,5
4372,277,120,2
4373,277,123,4
4374,277,124,5
4375,277,126,1
4376,277,127,3
4377,277,129,1
4378,277,131,1
4379,278,102,5
4380,278,103,1
4381,278,104,3
4382,278,105,3
4383,278,106,4
4384,278,108,3
4385,278,109,2
4386,278,111,2
4387,278,112,4
4388,278,113,3
4389,278,114,3
4390,278,115,3
4391,278,123,4
4392,278,124,2
4393,278,125,2
4394,278,127,4
4395,279,105,4
4396,279,106,4
4397,279,108,5
4398,279,109,1
4399,279,110,1
4400,279,111,1
4401,279,112,3
4402,279,116,2
4403,279,117,5
4404,279,118,1
4405,279,119,2
4406,279,120,2
4407,279,121,5
4408,279,122,2
4409,279,126,5
4410,279,129,2
4411,280,105,3
4412,280,106,2
4413,280,110,2
4414,280,111,2
4415,280,113,5
4416,280,114,5
4417,280,115,2
4418,280,116,3
4419,280,117,4
4420,280,119,1
4421,280,122,2
4422,280,124,4
4423,280,128,1
4424,280,130,1
4425,281,105,4
4426,281,107,1
4427,281,108,1
4428,281,109,2
4429,281,111,1
4430,281,113,2
4431,281,114,2
4432,281,116,5
4433,281,118,3
4434,281,119,4
4435,281,120,3
4436,281,121,5
4437,281,128,2
4438,281,129,4
4439,281,130,1
4440,281,131,1
4441,281,132,5
4442,282,102,4
4443,282,104,5
4444,282,105,3
4445,282,107,3
4446,282,109,4
4447,282,110,3
4448,282,112,1
4449,282,113,4
4450,282,114,1
4451,282,115,4
4452,282,116,3
4453,282,117,2
4454,282,119,5
4455,282,123,5
4456,282,128,4
4457,282,129,1
4458,282,131,5
4459,283,102,1
4460,283,103,2
4461,283,104,1
4462,283,105,4
4463,283,108,4
4464,283,109,1
4465,283,110,4
4466,283,112,3
4467,283,113,4
4468,283,114,2
4469,283,116,1
4470,283,117,4
4471,283,118,4
4472,283,119,2
4473,283,120,5
4474,283,121,1
4475,283,124,5
4476,283,128,2
4477,283,131,4
4478,283,132,5
4479,284,103,4
4480,284,104,3
4481,284,107,2
4482,284,111,3
4483,284,112,5
4484,284,115,5
4485,284,117,5
4486,284,120,1
4487,284,124,5
4488,284,125,3
4489,284,126,4
4490,284,128,5
4491,285,104,2
4492,285,112,2
4493,285,113,1
4494,285,114,3
4495,285,118,1
4496,285,120,1
4497,285,125,4
4498,285,129,2
4499,286,108,1
4500,286,114,3
4501,286,117,1
4502,286,119,4
4503,286,120,2
4504,286,123,2
4505,286,124,2
4506,286,126,1
4507,286,127,5
4508,286,128,4
4509,286,129,2
4510,286,132,2
4511,287,107,2
4512,287,109,4
4513,287,110,3
4514,287,113,2
4515,287,114,1
4516,287,115,5
4517,287,117,3
4518,287,120,3
4519,287,122,2
4520,287,123,4
4521,287,127,3
4522,287,130,1
4523,288,102,3
4524,288,103,5
4525,288,104,2
4526,288,110,4
4527,288,111,3
4528,288,112,4
4529,288,114,3
4530,288,115,2
4531,288,121,5
4532,288,127,5
4533,288,128,4
4534,288,129,3
4535,288,130,3
4536,289,106,4
4537,289,107,5
4538,289,109,4
4539,289,111,3
4540,289,114,3
4541,289,115,1
4542,289,116,1
4543,289,117,5
4544,289,118,1
4545,289,120,4
4546,289,121,2
4547,289,122,3
4548,289,123,2
4549,289,127,2
4550,290,103,4
4551,290,105,1
4552,290,106,1
4553,290,110,4
4554,290,111,1
4555,290,112,4
4556,290,114,3
4557,290,116,5
4558,290,117,2
4559,290,128,2
4560,290,129,2
4561,290,131,4
4562,291,102,2
4563,291,104,5
4564,291,106,2
4565,291,108,3
4566,291,109,5
4567,291,111,1
4568,291,113,1
4569,291,114,1
4570,291,115,3
4571,291,117,4
4572,291,119,2
4573,291,120,5
4574,291,124,5
4575,291,125,1
4576,291,126,2
4577,291,127,4
4578,291,128,5
4579,291,130,3
4580,291,131,2
4581,291,132,1
4582,292,102,4
4583,292,103,5
4584,292,105,5
4585,292,106,4
4586,292,107,3
4587,292,109,5
4588,292,110,2
4589,292,111,4
4590,292,112,5
4591,292,113,3
4592,292,114,5
4593,292,115,3
4594,292,117,5
4595,292,119,3
4596,292,121,3
4597,292,122,1
4598,292,124,3
4599,292,129,3
4600,292,130,3
4601,292,132,5
4602,293,102,4
4603,293,104,5
4604,293,106,2
4605,293,110,1
4606,293,111,3
4607,293,113,5
4608,293,115,4
4609,293,118,3
4610,293,119,5
4611,293,126,1
4612,293,127,3
4613,293,128,4
4614,293,129,2
4615,293,130,5
4616,293,131,3
4617,293,132,2
4618,294,102,2
4619,294,104,3
4620,294,106,5
4621,294,108,3
4622,294,111,4
4623,294,112,1
4624,294,113,1
4625,294,114,2
4626,294,116,5
4627,294,117,4
4628,294,119,3
4629,294,121,5
4630,294,123,2
4631,294,124,4
4632,294,125,5
4633,294,126,4
4634,294,129,2
4635,294,130,4
4636,294,132,1
4637,295,103,5
4638,295,105,3
4639,295,106,4
4640,295,109,2
4641,295,110,4
4642,295,112,4
4643,295,113,4
4644,295,114,3
4645,295,119,3
4646,295,121,1
4647,295,122,1
4648,295,127,4
4649,295,128,3
4650,295,132,1
4651,296,103,1
4652,296,104,4
4653,296,106,1
4654,296,107,3
4655,296,109,2
4656,296,111,3
4657,296,115,1
4658,296,120,4
4659,296,128,4
4660,296,130,2
4661,296,132,5
4662,297,102,5
4663,297,106,4
4664,297,109,5
4665,297,110,2
4666,297,111,1
4667,297,115,1
4668,297,118,3
4669,297,120,2
4670,297,123,3
4671,297,124,2
4672,297,127,4
4673,297,128,2
4674,297,129,2
4675,298,103,4
4676,298,105,1
4677,298,106,5
4678,298,107,2
4679,298,108,2
4680,298,119,2
4681,298,120,4
4682,298,121,2
4683,298,122,5
4684,298,125,4
4685,298,129,3
4686,298,130,1
4687,298,131,2
4688,299,104,4
4689,299,106,3
4690,299,108,2
4691,299,114,5
4692,299,116,2
4693,299,117,1
4694,299,118,1
4695,299,120,2
4696,299,122,4
4697,299,124,3
4698,299,127,1
4699,299,129,5
4700,300,102,5
4701,300,103,2
4702,300,105,4
4703,300,106,3
4704,300,110,4
4705,300,111,3
4706,300,112,3
4707,300,113,2
4708,300,114,5
4709,300,117,3
4710,300,119,2
4711,300,120,5
4712,300,121,3
4713,300,122,2
4714,300,124,5
4715,300,126,4
4716,300,128,3
4717,300,129,2
4718,301,104,5
4719,301,106,2
4720,301,108,3
4721,301,112,5
4722,301,114,5
4723,301,118,2
4724,301,119,5
4725,301,123,2
4726,301,126,4
4727,301,127,1
4728,301,128,5
4729,301,129,5
4730,301,132,2
4731,302,103,1
4732,302,106,2
4733,302,108,4
4734,302,110,2
4735,302,111,3
4736,302,113,1
4737,302,115,1
4738,302,117,5
4739,302,118,1
4740,302,119,1
4741,302,121,5
4742,302,122,3
4743,302,123,4
4744,302,124,5
4745,302,126,5
4746,302,130,1
4747,302,132,4
4748,303,104,5
4749,303,105,2
4750,303,106,3
4751,303,107,2
4752,303,108,2
4753,303,110,1
4754,303,111,4
4755,303,112,5
4756,303,115,2
4757,303,119,2
4758,303,122,3
4759,303,123,1
4760,303,124,1
4761,303,125,5
4762,303,127,5
4763,303,128,4
4764,303,129,1
4765,303,132,4
4766,304,102,2
4767,304,103,5
4768,304,107,2
4769,304,109,3
4770,304,110,4
4771,304,112,3
4772,304,115,1
4773,304,116,5
4774,304,118,2
4775,304,120,5
4776,304,124,4
4777,304,125,1
4778,304,129,5
4779,304,130,2
4780,304,132,5
4781,305,102,2
4782,305,103,3
4783,305,105,1
4784,305,106,3
4785,305,107,1
4786,305,108,4
4787,305,109,4
4788,305,111,1
4789,305,112,4
4790,305,113,2
4791,305,114,4
4792,305,115,5
4793,305,117,5
4794,305,119,1
4795,305,120,5
4796,305,121,5
4797,305,123,3
4798,305,125,4
4799,305,126,3
4800,305,127,2
4801,305,130,2
4802,305,131,4
4803,306,102,4
4804,306,103,5
4805,306,104,5
4806,306,106,5
4807,306,108,4
4808,306,110,5
4809,306,111,2
4810,306,112,4
4811,306,114,2
4812,306,116,5
4813,306,117,2
4814,306,118,3
4815,306,122,3
4816,306,124,1
4817,306,128,1
4818,306,129,2
4819,306,132,2
4820,307,104,4
4821,307,106,2
4822,307,107,3
4823,307,108,4
4824,307,111,5
4825,307,113,1
4826,307,114,5
4827,307,121,3
4828,307,124,4
4829,307,126,1
4830,307,129,1
4831,307,130,2
4832,308,103,4
4833,308,104,2
4834,308,105,2
4835,308,108,1
4836,308,110,2
4837,308,115,5
4838,308,117,3
4839,308,119,5
4840,308,123,3
4841,308,128,3
4842,308,130,2
4843,308,131,4
4844,308,132,2
4845,309,104,2
4846,309,105,5
4847,309,107,5
4848,309,110,3
4849,309,112,1
4850,309,114,4
4851,309,119,3
4852,309,123,2
4853,309,124,3
4854,309,127,2
4855,309,128,3
4856,309,130,5
4857,309,132,3
